,m_108,696330,20,56,,,,0,0,2
,m_108,698570,14,64,1.56,0,0,0,0,4
,m_108,698620,12,64,1.46,0.03,0,0,0,4
,m_108,698670,10,64,1.74,0,0,0,0,5
,m_108,699740,7,65,1.57,0.02,0,0,0,6
,m_108,700010,8,64,1.9,0,0,0,0,4
,m_108,700790,16,65,1.68,0.02,0,0,0,4
,m_108,701840,7,65,1.52,0.01,0,0,0,4
,m_108,702440,6,65,1.5,0.01,0,0,0,4
,m_108,702510,5,66,1.31,0.04,0,0,0,2
,m_108,703170,6,65,1.79,0,0,0,0,5
,m_108,703790,7,66,1.9,0,0,0,0,6
,m_108,703950,5,66,1.9,0.03,0,0,0,13
,m_108,705140,9,66,2.33,0,0,0,0,8
,m_108,705840,11,67,2.33,0,0,0,0,9
,m_108,707530,10,67,2.34,0.01,0,0,0,15
,m_108,707800,9,67,2.11,0,1,0,0,9
,m_108,707860,11,66,2.28,0,1,0,0,10
,m_108,709910,8,68,1.97,0,0,0,0,4
,m_108,710070,6,69,1.95,0,0,0,0,
,m_108,710540,9,68,1.98,0.01,0,0,0,5
,m_108,710840,6,68,1.86,0.01,0,0,0,4
,m_108,711330,12,68,2.1,0,0,0,0,4
,m_108,712110,9,69,1.83,0,0,0,0,5
,m_108,712820,12,69,1.51,0,0,0,0,4
,m_108,712870,11,69,1.54,0,0,0,0,5
,m_108,713040,14,70,1.77,0,0,0,0,3
,m_108,714630,13,71,1.35,0,0,0,0,10
,m_108,715100,11,71,1.58,0.02,0,0,0,
,m_108,715710,7,71,1.73,0,0,0,0,12
,m_108,715980,14,72,1.78,0,0,0,0,5
,m_108,716140,11,72,1.46,0.03,0,0,0,4
,m_108,716720,18,72,1.68,0,0,0,0,12
,m_108,716870,14,72,1.56,0,0,0,0,7
,m_108,717420,12,72,1.78,0,0,0,0,16
,m_108,717450,8,72,1.76,0.01,0,0,0,16
,m_108,718040,8,72,1.5,0.01,0,0,0,12
,m_108,718260,11,72,1.87,0,0,0,0,8
,m_108,718890,12,73,,,,0,0,29
,m_108,719230,17,73,1.91,0,0,0,0,15
,m_108,719920,16,74,,,,0,0,25
,m_108,720890,12,75,1.69,0,0,0,0.01,8
,m_108,722200,13,76,1.77,0.02,0,0,0.01,12
,m_108,722700,14,76,1.83,0,0,0.01,0.01,17
,m_108,722820,20,77,1.63,0,0,0.01,0.01,13
,m_108,723530,18,76,1.91,0,1,0.01,0.01,10
,m_108,723990,10,76,1.67,0,0,0.01,0.01,23
,m_108,724410,13,76,2.1,0,0,0.01,0.01,19
,m_108,724450,18,76,2.26,0,0,0.01,0.01,13
,m_108,724480,18,76,2.58,0,0,0.01,0.01,13
,m_108,724760,15,77,1.64,0,0,0.01,0.01,7
,m_108,726410,15,78,2,0,0,0.01,0.01,4
,m_108,726420,11,78,1.74,0,0,0.01,0.01,2
,m_108,727260,16,78,2.5,0,1,0.01,0.01,6
,m_108,728000,20,78,2.11,0.01,0,0.01,0.01,6
,m_108,729120,12,79,1.87,0,0,0.01,0.01,9
,m_108,729310,21,79,1.75,0.01,0,0.01,0.01,9
,m_108,730280,9,80,1.94,0,0,0.01,0.01,8
,m_108,731040,16,79,2.01,0,0,0.01,0.01,5
,m_108,731050,20,79,1.54,0.01,0,0.01,0.01,5
,m_108,731550,13,80,1.59,0,0,0.01,0.01,3
,m_108,731640,15,81,1.79,0,1,0.01,0.01,6
,m_108,731780,18,80,1.97,0,1,0.01,0.01,4
,m_108,732240,17,80,1.99,0.02,0,0.01,0.01,4
,m_108,732680,13,82,1.65,0.01,0,0.01,0.01,6
,m_108,733530,11,82,1.27,0,0,0.01,0.01,3
,m_108,733730,11,81,1.52,0,0,0.01,0.01,10
,m_108,733840,10,82,,,,0.01,0.01,8
,m_108,733970,15,82,1.84,0,1,0.01,0.01,6
,m_108,734180,19,82,1.45,0,0,0.01,0.01,9
,m_108,734360,12,82,1.65,0,0,0.01,0.01,7
,m_108,734800,19,82,1.59,0,0,0.01,0.01,11
,m_108,734990,12,82,1.45,0,0,0.01,0.01,9
,m_108,736930,20,83,1.94,0.01,0,0.01,0.01,3
,m_108,737560,13,84,1.72,0,0,0.01,0.01,4
,m_108,740220,16,55,2.6,0,0,0,0,3
,m_108,741140,12,56,2.1,0,0,0,0,4
,m_108,741720,14,57,2.26,0,0,0,0,7
,m_108,742620,15,58,2.15,0,0,0,0,2
,m_108,743270,16,58,,,,0,0,3
,m_108,744330,8,59,2.02,0,0,0,0,2
,m_108,744360,7,59,1.85,0,0,0,0,5
,m_108,745400,9,60,1.64,0.02,0,0,0,3
,m_108,746240,13,60,1.88,0.01,0,0,0,5
,m_108,747560,7,60,1.85,0,0,0,0,10
,m_108,747660,9,60,2.04,0,0,0,0,4
,m_108,748610,9,61,1.37,0.03,0,0,0,2
,m_108,749770,16,61,1.59,0,0,0,0,9
,m_108,751630,15,62,1.47,0,0,0,0,2
,m_108,752810,8,62,1.39,0,0,0,0,7
,m_108,753690,9,63,1.56,0,0,0,0,3
,m_108,753820,11,63,,,,0,0,3
,m_108,753880,11,64,1.81,0,1,0,0,3
,m_108,754340,11,63,1.37,0.03,0,0,0,7
,m_108,754640,10,64,1.37,0,0,0,0,17
,m_108,755270,9,64,1.43,0.02,0,0,0,10
,m_108,755660,14,64,1.45,0.03,0,0,0,8
,m_108,756290,10,64,1.4,0,0,0,0,7
,m_108,756930,13,65,1.8,0,0,0,0,5
,m_108,758800,10,66,1.74,0,0,0,0.01,4
,m_108,759480,7,65,2.63,0.02,0,0,0.01,8
,m_108,759550,12,65,2.15,0,0,0,0.01,7
,m_108,760910,8,67,,,,0,0.01,14
,m_108,761240,12,66,2.35,0,0,0,0.01,8
,m_108,763070,13,68,2.06,0,0,0.01,0.01,7
,m_108,763410,15,67,2.05,0,0,0.01,0.01,3
,m_108,763610,13,68,,,,0.01,0.01,4
,m_108,764220,13,67,2.37,0,0,0.01,0.01,6
,m_108,767520,11,69,2.08,0.01,0,0.01,0.01,2
,m_108,768120,13,70,2.28,0,0,0.01,0.01,10
,m_108,768130,17,70,1.81,0.02,0,0.01,0.01,10
,m_108,768710,8,70,2.73,0,0,0.01,0.01,2
,m_108,769240,13,69,1.83,0,0,0.01,0.01,3
,m_108,769490,8,70,2.44,0,0,0.01,0.01,9
,m_108,769870,19,70,2.64,0,0,0.01,0.01,6
,m_108,770820,10,70,1.8,0.01,0,0.01,0.01,17
,m_108,771610,17,72,2.11,0.01,0,0.01,0.01,2
,m_108,771810,9,71,2.55,0,0,0.01,0.01,2
,m_108,772600,14,71,1.49,0,0,0.01,0.01,3
,m_108,773000,8,71,2.36,0.01,0,0.01,0.01,3
,m_108,773940,7,71,2.11,0,0,0.01,0.01,3
,m_108,774450,8,72,3.09,0,0,0.01,0.01,8
,m_108,774550,11,72,2.31,0,0,0.01,0.01,9
,m_108,774710,10,71,2.13,0,0,0.01,0.01,5
,m_108,774840,6,71,2.96,0.01,0,0.01,0.01,3
,m_108,775280,5,72,1.83,0.02,0,0.01,0.01,3
,m_108,776340,5,72,2.27,0,0,0.01,0.01,6
,m_108,776560,5,72,2.13,0,0,0.01,0.01,3
,m_1131,696480,4,100,1.07,0,0,0,0,6
,m_1131,697510,7,100,1.42,0,0,0,0,7
,m_1131,697930,7,100,1.24,0,0,0,0,2
,m_1131,698440,3,100,1.22,0,0,0,0,5
,m_1131,698500,10,100,1.57,0,1,0,0,3
,m_1131,699070,6,100,1.36,0,0,0,0,8
,m_1131,699400,6,100,1.34,0,0,0,0,2
,m_1131,700580,6,100,1.25,0,0,0,0,6
,m_1131,701160,5,100,1.54,0,1,0,0,3
,m_1131,702700,4,100,1.6,0,0,0,0,7
,m_1131,703290,5,100,1.75,0,0,0,0,6
,m_1131,703470,6,100,1.86,0,0,0,0,8
,m_1131,703790,6,100,1.77,0,0,0,0,8
,m_1131,704030,4,100,1.46,0,0,0,0,10
,m_1131,704440,6,100,1.38,0,0,0,0,10
,m_1131,705340,6,100,1.81,0,0,0,0,16
,m_1131,705480,4,93,2.13,0,1,0,0,18
,m_1131,705490,8,93,1.92,0,0,0,0,18
,m_1131,705690,3,93,1.78,0,0,0,0,8
,m_1131,706180,5,94,2.75,0,1,0,0,16
,m_1131,706200,5,94,1.66,0,0,0,0,36
,m_1131,706470,4,94,2.57,0,1,0,0,20
,m_1131,708750,4,95,1.49,0,0,0,0,4
,m_1131,710680,4,96,1.93,0,0,0,0,13
,m_1131,711090,4,96,1.49,0,0,0,0,64
,m_1131,714330,4,100,1.41,0,0,0,0,3
,m_1131,714880,4,98,1.65,0,0,0,0,7
,m_1131,714950,5,98,2.45,0,2,0,0,5
,m_1131,715170,4,98,1.53,0,0,0,0,7
,m_1131,715230,4,98,2.18,0,1,0,0,
,m_1131,715540,4,98,1.77,0,0,0,0,5
,m_1131,715690,7,99,1.68,0,0,0,0,4
,m_1131,715760,6,99,2.3,0,0,0,0,6
,m_1131,717260,4,99,1.21,0,0,0,0,8
,m_1131,717570,5,99,1.64,0,0,0,0,9
,m_1131,717710,5,99,,,,0,0,27
,m_1131,718150,7,100,2.12,0,0,0,0,10
,m_1131,718290,5,100,1.95,0,0,0,0,9
,m_1131,718430,5,100,1.43,0,0,0,0,7
,m_1131,719690,6,100,2.1,0,0,0,0,6
,m_1131,719760,4,100,1.99,0,0,0,0,6
,m_1131,720000,7,100,,,,0,0,10
,m_1131,721680,7,100,1.32,0,0,0,0,12
,m_1131,739260,7,99,,,,0,0,19
,m_1131,739980,7,100,1.32,0,1,0,0,4
,m_1131,740360,7,100,1.47,0.01,1,0,0,3
,m_1131,740940,7,99,1.58,0.01,1,0,0,5
,m_1131,741470,6,100,1.63,0.02,1,0,0,6
,m_1131,742380,7,100,1.57,0,2,0,0,5
,m_1131,745860,8,96,1.34,0.01,0,0,0,7
,m_1131,746440,7,96,,,,0,0,4
,m_1131,746670,8,97,1.5,0,1,0,0,6
,m_1131,747650,8,97,1.14,0,0,0,0,3
,m_1131,748390,9,97,1.65,0,0,0,0,7
,m_1131,749320,6,97,1.51,0.01,0,0,0,9
,m_1131,749960,9,98,1.54,0.01,0,0,0,4
,m_1131,750510,8,99,1.5,0,0,0,0,3
,m_1131,751020,9,98,1.36,0,0,0,0,4
,m_1131,751860,9,98,1.37,0,0,0,0,4
,m_1131,752350,10,98,1.13,0,0,0,0,6
,m_1131,752420,7,98,1.96,0.01,0,0,0.01,4
,m_1131,753340,7,97,1.27,0,0,0,0.01,11
,m_1131,753670,9,97,1.51,0.01,0,0,0.01,3
,m_1131,753880,7,97,1.43,0,0,0,0.01,4
,m_1131,754910,7,98,1.62,0,1,0,0.01,7
,m_1131,755040,8,99,0.96,0,0,0,0.01,4
,m_1131,756480,7,98,1.71,0,0,0,0.01,11
,m_1131,757140,7,97,1.47,0,0,0,0.01,8
,m_1131,758030,5,96,1.35,0,0,0,0.01,14
,m_1131,758270,5,97,1.53,0,0,0,0.01,14
,m_1131,759100,6,97,1.54,0,0,0,0.01,23
,m_1131,759270,4,97,1.45,0,0,0,0.01,3
,m_1131,760280,5,96,1.32,0,0,0,0.01,33
,m_1131,760750,7,96,1.37,0,0,0,0.01,13
,m_1131,760870,7,97,1.36,0,0,0,0.01,17
,m_1131,762410,6,98,1.35,0,0,0,0.01,6
,m_1131,763170,4,96,1.54,0.01,0,0,0.01,34
,m_1131,763410,5,96,,,,0,0.01,49
,m_1131,763700,5,96,1.31,0,0,0,0.01,9
,m_1131,764360,6,96,1.35,0,0,0,0.01,28
,m_1131,764640,6,97,1.23,0,0,0,0.01,8
,m_1131,764840,6,97,1.59,0,0,0,0.01,37
,m_1131,765220,6,96,1.57,0,0,0,0.01,29
,m_1131,765460,6,96,1.75,0,0,0,0.01,37
,m_1131,765810,6,96,,,,0,0.01,33
,m_1131,768300,6,97,1.45,0,0,0,0.01,41
,m_1131,768730,6,97,1.44,0,0,0,0.01,4
,m_1131,769120,6,97,1.1,0,0,0,0.01,8
,m_1131,770140,6,98,1.96,0,1,0,0.01,46
,m_1131,770250,6,98,1.49,0,1,0,0.01,30
,m_1131,770600,7,99,1.08,0,0,0,0.01,37
,m_1131,770660,6,99,1.25,0,0,0,0.01,10
,m_1131,771230,5,98,2.66,0,0,0,0.01,27
,m_1131,771740,5,99,1.55,0,0,0,0.01,5
,m_1131,772200,6,99,1.56,0,0,0,0.01,1
,m_1131,772440,6,98,1.18,0,0,0,0.01,8
,m_1131,772540,4,98,1.59,0,0,0,0.01,38
,m_1131,773070,4,93,1.33,0,0,0,0.01,16
,m_1131,773440,4,93,,,,0,0.01,4
,m_1131,773650,7,94,1.51,0.01,0,0,0.01,6
,m_1131,774570,5,94,1.24,0,0,0,0.01,41
,m_1131,774630,4,94,1.55,0,0,0,0.01,10
,m_1131,775030,5,94,1.46,0,0,0,0.01,42
,m_1131,775040,4,94,,,,0,0.01,42
,m_1131,775170,4,94,1.39,0,0,0,0.01,47
,m_1131,775730,6,94,1.63,0,0,0,0.01,6
,m_1131,775810,6,94,1.61,0,1,0,0.01,4
,m_1131,776730,4,95,1.57,0,0,0,0.01,45
,m_1186,696300,4,49,2.29,0,0,0,0,1
,m_1186,697520,3,51,1.47,0.01,0,0,0,6
,m_1186,699070,5,53,1.59,0,0,0,0,4
,m_1186,701070,2,56,2.02,0,0,0,0,6
,m_1186,702080,2,56,1.36,0,0,0,0,5
,m_1186,703460,2,57,1.53,0,0,0,0,17
,m_1186,704590,4,57,1.34,0,0,0,0,10
,m_1186,704920,2,58,1.41,0,0,0,0,4
,m_1186,705100,2,58,1.63,0,0,0,0,3
,m_1186,706030,5,58,1.47,0,0,0,0,12
,m_1186,707110,5,58,1.95,0,0,0,0,
,m_1186,707230,4,59,,,,0,0,9
,m_1186,707250,2,59,1.48,0,0,0,0,9
,m_1186,708110,2,59,1.64,0,0,0,0,16
,m_1186,708960,3,59,1.91,0,1,0,0,8
,m_1186,709100,2,59,2.07,0,0,0,0,5
,m_1186,709750,4,60,1.72,0,0,0,0,8
,m_1186,709950,2,59,,,,0,0,12
,m_1186,710590,4,60,1.48,0,0,0,0,3
,m_1186,712770,2,61,1.31,0,0,0,0,5
,m_1186,713290,5,61,1.31,0,0,0,0,4
,m_1186,713650,4,61,1.29,0,0,0,0,4
,m_1186,714190,4,62,1.11,0,0,0,0,4
,m_1186,714210,3,62,1.18,0,0,0,0,4
,m_1186,715000,4,62,1.01,0,0,0,0,6
,m_1186,715450,5,62,1.74,0,0,0,0,7
,m_1186,715650,2,62,1.63,0,0,0,0,7
,m_1186,715790,3,62,1.13,0,0,0,0,7
,m_1186,716270,4,63,1.22,0,0,0,0,8
,m_1186,717140,3,63,1.28,0,0,0,0,16
,m_1186,717330,4,63,1.4,0.01,0,0,0,12
,m_1186,717370,4,63,1.16,0,0,0,0,10
,m_1186,717800,3,63,1.32,0,0,0,0,7
,m_1186,718850,3,64,1.62,0,1,0,0,16
,m_1186,718890,2,64,1.53,0,1,0,0,18
,m_1186,719740,2,64,1.77,0,0,0,0,14
,m_1186,719860,2,64,1.38,0,0,0,0,11
,m_1186,722150,2,65,1.23,0,0,0,0,20
,m_1186,722520,3,65,1.38,0,0,0,0,14
,m_1186,722630,2,65,1.73,0,0,0,0,12
,m_1186,723330,3,65,1.56,0.02,0,0,0,13
,m_1186,723710,3,66,2.28,0,1,0,0,13
,m_1186,724560,4,66,1.45,0,0,0,0,13
,m_1186,725380,2,67,1.47,0,0,0,0,6
,m_1186,725880,3,67,1.2,0,0,0,0,12
,m_1186,727630,4,68,1.43,0,0,0,0,11
,m_1186,727810,5,68,1.39,0,0,0,0,14
,m_1186,728260,2,68,1.74,0,0,0,0,5
,m_1186,729210,2,68,2.04,0,0,0,0,12
,m_1186,729260,3,68,1.32,0,0,0,0,10
,m_1186,729490,4,69,1.27,0,0,0,0,21
,m_1186,729630,2,69,1.66,0,0,0,0,9
,m_1186,730700,3,69,1.42,0.01,0,0,0,12
,m_1186,730850,3,70,1.83,0,1,0,0,12
,m_1186,731580,4,70,1.43,0,1,0,0,8
,m_1186,731840,3,70,1.85,0,0,0,0,4
,m_1186,732220,2,70,1.42,0,0,0,0,5
,m_1186,732840,3,71,1.04,0,0,0,0,4
,m_1186,733890,2,71,1.5,0,0,0,0,5
,m_1186,734490,2,71,1.46,0,0,0,0,8
,m_1186,735260,3,71,1.84,0,1,0,0,6
,m_1186,735850,4,72,1.37,0,0,0,0,6
,m_1186,736000,2,72,,,,0,0,17
,m_1186,736160,3,72,2.04,0,1,0,0,11
,m_1186,736280,3,72,1.19,0,0,0,0,2
,m_1186,736860,3,71,1.64,0,0,0,0,5
,m_1186,737810,3,72,2.1,0,1,0,0,13
,m_1186,738150,2,72,2.08,0,0,0,0,2
,m_1186,738780,4,72,2.08,0,0,0,0,7
,m_1186,739870,5,73,1.13,0,0,0,0,3
,m_1186,740340,3,71,2.15,0,1,0,0,2
,m_1186,740360,3,71,1.96,0,1,0,0,2
,m_1186,740730,3,72,1.52,0,0,0,0,3
,m_1186,740790,2,72,2.14,0,0,0,0,4
,m_1186,741060,3,72,2.38,0,1,0,0,4
,m_1186,741370,4,72,2.4,0,0,0,0,3
,m_1186,741410,2,72,1.68,0,0,0,0,3
,m_1186,741620,4,72,1.67,0.01,0,0,0,2
,m_1186,742960,2,73,2.02,0,0,0,0,4
,m_1186,742970,2,73,2.42,0,0,0,0,4
,m_1186,746350,4,73,1.19,0.07,0,0,0,2
,m_1186,746930,2,73,0.93,0,0,0,0,2
,m_1186,747650,2,73,1.2,0,0,0,0,2
,m_1186,747970,5,72,1.51,0,1,0,0,2
,m_1186,749150,3,73,1.37,0,0,0,0,3
,m_1186,749890,4,73,1.62,0,0,0,0,2
,m_1186,749960,2,73,1.47,0,0,0,0,3
,m_1186,750000,2,73,1.36,0,0,0,0,2
,m_1186,750470,2,74,1.47,0,0,0,0,4
,m_1186,751260,3,73,1.29,0,0,0,0,7
,m_1186,751830,2,73,1.37,0,0,0,0,2
,m_1186,753160,2,74,1.35,0,0,0,0,1
,m_1186,753180,4,74,1.43,0,0,0,0,2
,m_1186,753440,2,74,1.19,0.03,0,0,0,5
,m_1186,753570,3,74,1.32,0,0,0,0,5
,m_1186,753920,3,74,1.35,0.03,0,0,0,3
,m_1186,755280,2,74,1.82,0,1,0,0,4
,m_1186,755370,3,74,1.5,0,0,0,0,3
,m_1186,756960,4,74,,,,0,0,1
,m_1186,758780,3,74,1.41,0.01,0,0,0,5
,m_1186,759020,2,74,1.64,0.01,1,0,0,6
,m_1186,759320,3,74,1.23,0.01,0,0,0,3
,m_1186,759810,2,74,1.25,0,0,0,0,4
,m_1186,760240,2,75,1.47,0,0,0,0,4
,m_1186,760970,2,75,1.62,0,0,0,0,5
,m_1186,762580,2,74,,,,0,0,6
,m_1186,763230,2,75,1.3,0,0,0,0,4
,m_1186,763450,4,75,1.41,0,0,0,0,2
,m_1186,763550,2,75,1.54,0,0,0,0,9
,m_1186,764300,3,75,1.4,0.01,0,0,0,14
,m_1186,764620,2,74,1.09,0,0,0,0,2
,m_1186,764760,3,74,1.42,0,0,0,0,3
,m_1186,764890,4,75,1.47,0,0,0,0,3
,m_1186,765610,4,75,1.2,0,0,0,0,9
,m_1186,765980,3,75,1.45,0.04,0,0,0,2
,m_1186,767500,2,76,1.45,0,0,0,0,2
,m_1186,770100,3,76,1.19,0,0,0,0,3
,m_1186,770270,2,76,1.47,0,0,0,0,6
,m_1186,771530,2,76,1.85,0,1,0,0,1
,m_1186,772450,4,76,,,,0,0,1
,m_1186,772640,2,76,1.75,0,1,0,0,1
,m_1186,773790,2,77,1.81,0.01,1,0,0,1
,m_1186,774570,2,76,1.37,0,0,0,0,2
,m_1186,775100,2,76,1.28,0,0,0,0,1
,m_1186,775350,2,76,1.4,0,0,0,0,1
,m_1186,776280,2,76,1.71,0,1,0,0,2
,m_1304,696560,17,62,0.8,0.1,0,0,0,5
,m_1304,696630,6,63,1.46,0,0,0,0,4
,m_1304,697160,6,64,1.46,0,0,0,0,2
,m_1304,697520,4,64,1.42,0,0,0,0,2
,m_1304,698280,4,65,1.59,0,1,0,0,2
,m_1304,698310,4,65,1.12,0,0,0,0,2
,m_1304,699480,4,66,1.35,0,0,0,0,7
,m_1304,699860,5,66,1.4,0,0,0,0,3
,m_1304,700070,3,66,1.11,0,0,0,0,3
,m_1304,700820,6,67,1.52,0.01,1,0,0,2
,m_1304,701140,5,67,1.49,0,1,0,0,2
,m_1304,701930,3,68,1.78,0,1,0,0,2
,m_1304,703710,4,69,1.54,0,1,0,0,4
,m_1304,703850,4,69,1.25,0,0,0,0,4
,m_1304,704280,4,69,1.21,0,0,0,0,5
,m_1304,704290,5,69,1.37,0,0,0,0,5
,m_1304,705730,5,70,1.79,0,1,0,0,2
,m_1304,705790,6,70,1.2,0,0,0,0,2
,m_1304,706420,4,69,1.26,0,0,0,0,3
,m_1304,707660,5,70,1.63,0.01,0,0,0,4
,m_1304,709000,3,71,1.61,0,1,0,0,2
,m_1304,709040,5,71,1.4,0.01,1,0,0,2
,m_1304,709960,4,71,1.31,0,0,0,0,2
,m_1304,710020,4,71,1.51,0,1,0,0,2
,m_1304,713370,5,72,1.08,0,0,0,0,2
,m_1304,713700,4,72,0.76,0,0,0,0,3
,m_1304,713910,6,72,1.21,0,0,0,0,1
,m_1304,713970,6,72,1.68,0.02,1,0,0,2
,m_1304,714540,4,72,1.37,0,0,0,0,3
,m_1304,716930,5,73,1.56,0,1,0,0,5
,m_1304,717150,4,73,1.39,0,1,0,0,4
,m_1304,717770,5,73,1.38,0,0,0,0,3
,m_1304,718320,8,74,1.56,0.01,0,0,0,6
,m_1304,718730,3,73,1.49,0,1,0,0,6
,m_1304,719130,6,74,1.65,0,1,0,0,7
,m_1304,719940,5,73,1.58,0,1,0,0,7
,m_1304,720920,7,74,1.25,0.06,0,0,0,8
,m_1304,721560,7,74,1.56,0,1,0,0,9
,m_1304,722590,9,74,1.57,0,1,0,0,10
,m_1304,722800,6,75,1.6,0,0,0,0,26
,m_1304,723350,8,76,1.39,0.01,0,0,0,9
,m_1304,723840,7,76,1.53,0,1,0,0,8
,m_1304,724250,10,75,1.58,0,1,0,0,8
,m_1304,725390,6,76,1.2,0.07,0,0,0,
,m_1304,726110,12,76,1.72,0,1,0,0,4
,m_1304,727220,14,76,1.36,0.01,0,0,0,4
,m_1304,728040,12,77,1.51,0,1,0,0,5
,m_1304,728140,22,77,,,,0,0,7
,m_1304,728690,9,78,1.42,0.03,1,0,0,4
,m_1304,728860,14,78,1.2,0.02,0,0,0,9
,m_1304,728900,9,78,1.33,0,1,0,0,5
,m_1304,729360,7,78,1.32,0,0,0,0,15
,m_1304,731350,7,79,1.31,0,0,0,0,3
,m_1304,732140,9,79,1.32,0,0,0,0,2
,m_1304,732340,10,79,1.47,0,0,0,0,2
,m_1304,734480,6,80,1.21,0,0,0,0,6
,m_1304,734760,11,80,1.21,0,0,0,0,9
,m_1304,735260,6,80,1.48,0.01,0,0,0,5
,m_1304,735300,7,80,1.46,0,0,0,0,6
,m_1304,736060,6,80,1.39,0,0,0,0,2
,m_1304,737790,8,80,1.54,0.01,0,0,0,2
,m_1304,738010,9,81,1.46,0.01,0,0,0,1
,m_1304,738690,8,81,1.28,0.02,0,0,0,2
,m_1304,739010,9,81,1.55,0,1,0,0,3
,m_1304,739300,8,81,1.41,0.01,0,0,0,2
,m_1304,739980,6,82,1.49,0.01,0,0,0,1
,m_1304,740060,7,82,1.31,0.06,0,0,0,2
,m_1304,740860,4,82,1.53,0.01,1,0,0,1
,m_1304,742000,8,82,,,,0,0,2
,m_1304,742050,9,82,1.56,0.01,1,0,0,2
,m_1304,744320,9,83,1.34,0.05,0,0,0.01,2
,m_1304,744830,8,84,1.41,0,0,0,0.01,3
,m_1304,745600,9,83,1.5,0.03,0,0,0.01,2
,m_1304,746250,8,84,3.04,0,0,0,0.01,2
,m_1304,746440,9,84,2.64,0,0,0,0.01,3
,m_1304,747590,14,85,2.8,0,0,0,0.01,2
,m_1304,747840,9,85,2.87,0,0,0,0.01,3
,m_1304,748950,12,85,2.7,0,0,0,0.01,3
,m_1304,750020,9,86,2.77,0,0,0,0.01,3
,m_1304,751240,7,87,3.1,0,0,0.01,0.01,4
,m_1304,752900,8,87,3.09,0,0,0.01,0.01,4
,m_1304,753020,8,88,2.79,0,0,0.01,0.01,2
,m_1304,753460,6,87,1.52,0.04,1,0.01,0.01,5
,m_1304,753880,9,88,1.41,0.02,0,0.01,0.01,2
,m_1304,755430,4,89,1.85,0,1,0.01,0.01,5
,m_1304,756100,9,88,1.48,0.01,0,0.01,0.01,3
,m_1304,756230,5,88,1.58,0.01,1,0.01,0.01,2
,m_1304,757740,7,90,1.44,0.02,1,0.01,0.01,1
,m_1304,758300,7,90,1.65,0.02,1,0.01,0.01,1
,m_1304,758540,7,90,1.61,0.01,1,0.01,0.01,2
,m_1304,759100,5,90,1.73,0,1,0.01,0.01,3
,m_1304,759350,8,90,1.74,0.01,1,0.01,0.01,2
,m_1304,759570,6,90,1.55,0,1,0.01,0.01,2
,m_1304,759710,10,90,1.55,0.03,0,0.01,0.01,1
,m_1304,760210,11,89,1.32,0.02,0,0.01,0.01,2
,m_1304,760670,6,90,1.55,0,1,0.01,0.01,2
,m_1304,761570,8,88,1.21,0.02,0,0.01,0.01,3
,m_1304,762700,7,89,1.41,0,0,0.01,0.01,2
,m_1304,762860,7,89,1.82,0.01,1,0.01,0.01,2
,m_1304,763520,6,89,1.54,0.01,1,0.01,0.01,1
,m_1304,763550,5,89,1.57,0.01,1,0.01,0.01,1
,m_1304,765070,8,88,1.16,0.03,0,0.01,0.01,1
,m_1304,765240,8,88,1.45,0.02,0,0.01,0.01,1
,m_1304,766400,8,89,1.59,0,1,0.01,0.01,1
,m_1304,768970,7,90,1.64,0,1,0.01,0.01,1
,m_1304,769150,7,91,1.57,0,0,0.01,0.01,1
,m_1304,769300,5,91,1.64,0.02,1,0.01,0.01,1
,m_1304,769360,5,90,1.43,0.02,0,0.01,0.01,1
,m_1304,769850,8,89,1.81,0,1,0.01,0.01,2
,m_1304,770370,10,90,1.46,0,0,0.01,0.01,1
,m_1304,770530,8,89,1.84,0,1,0.01,0.01,1
,m_1304,772400,6,91,1.4,0.02,0,0.01,0.01,1
,m_1304,772770,5,91,1.9,0,1,0.01,0.01,1
,m_1304,773020,5,91,1.8,0.01,1,0.01,0.01,1
,m_1304,773060,5,91,1.48,0.04,0,0.01,0.01,1
,m_1304,773440,4,91,1.56,0.01,1,0.01,0.01,1
,m_1304,773610,11,91,1.73,0,1,0.01,0.01,1
,m_1304,774020,8,91,1.65,0.05,1,0.01,0.01,1
,m_1304,774370,7,91,1.81,0.01,1,0.01,0.01,1
,m_1304,775440,7,91,1.29,0,0,0.01,0.01,1
,m_1304,775860,4,91,1.58,0.01,1,0.01,0.01,1
,m_1304,776480,5,91,1.69,0.01,1,0.01,0.01,1
,m_1304,777420,5,91,1.66,0.01,1,0.01,0.01,1
,m_1380,696530,21,71,1.43,0.01,1,0,0,8
,m_1380,697620,14,76,1.58,0,0,0,0,3
,m_1380,698160,18,77,1.45,0,0,0,0,4
,m_1380,698780,19,78,1.58,0.05,0,0,0,3
,m_1380,699660,22,80,1.61,0.02,1,0,0,4
,m_1380,700110,18,80,1.26,0.01,0,0,0,4
,m_1380,700940,21,81,1.66,0.01,1,0,0,11
,m_1380,701330,16,82,1.56,0,1,0,0,5
,m_1380,701620,14,82,1.59,0.01,1,0,0,8
,m_1380,701770,19,83,1.56,0.01,1,0,0,4
,m_1380,702440,20,83,1.61,0,0,0,0.01,4
,m_1380,702850,23,84,1.44,0,0,0,0.01,4
,m_1380,703360,17,83,1.2,0.01,0,0,0.01,6
,m_1380,703650,17,85,1.31,0,0,0,0.01,6
,m_1380,705490,20,85,1.43,0.02,0,0.01,0.01,23
,m_1380,705760,23,86,1.44,0.01,0,0.01,0.01,
,m_1380,706510,22,86,1.69,0,0,0.01,0.01,14
,m_1380,706630,23,87,1.7,0,0,0.01,0.01,17
,m_1380,707250,15,87,1.6,0,1,0.01,0.01,
,m_1380,707660,21,88,1.63,0.02,1,0.01,0.01,
,m_1380,708410,15,88,1.6,0.01,0,0.01,0.01,8
,m_1380,711030,21,90,1.7,0.01,1,0.01,0.01,13
,m_1380,711150,21,91,1.84,0,1,0.01,0.01,14
,m_1380,711250,19,91,1.61,0,1,0.01,0.01,8
,m_1380,712130,13,91,1.61,0.06,1,0.01,0.01,2
,m_1380,712380,14,92,1.47,0.01,0,0.01,0.01,3
,m_1380,712620,17,91,1.61,0,1,0.01,0.01,6
,m_1380,713060,24,92,1.33,0.01,0,0.01,0.01,2
,m_1380,714220,16,94,1.58,0,0,0.01,0.01,4
,m_1380,714480,16,93,1.59,0,0,0.01,0.02,6
,m_1380,714900,18,94,1.48,0,0,0.01,0.02,8
,m_1380,714960,20,93,1.62,0,0,0.01,0.02,9
,m_1380,715540,17,93,1.53,0.01,0,0.01,0.02,7
,m_1380,715770,17,94,1.42,0.02,0,0.01,0.02,11
,m_1380,716560,23,95,1.58,0,0,0.01,0.02,6
,m_1380,716720,22,94,1.5,0.01,0,0.01,0.02,
,m_1380,716930,20,96,1.51,0,0,0.01,0.02,8
,m_1380,718210,29,96,1.84,0.01,1,0.01,0.02,11
,m_1380,719650,19,97,,,,0.02,0.02,15
,m_1380,719840,19,97,1.66,0.01,0,0.02,0.02,5
,m_1380,719960,16,97,1.49,0,0,0.02,0.02,4
,m_1380,722070,22,98,1.87,0,1,0.02,0.02,23
,m_1380,723470,22,98,,,,0.02,0.02,12
,m_1380,724150,28,99,1.67,0,1,0.02,0.02,7
,m_1380,726110,30,100,1.85,0.01,1,0.02,0.02,12
,m_1380,728280,22,100,1.72,0.01,1,0.02,0.03,10
,m_1380,729520,19,99,1.91,0.01,1,0.02,0.03,5
,m_1380,730290,28,99,1.91,0,1,0.02,0.03,2
,m_1380,731270,22,99,1.6,0.02,1,0.02,0.03,2
,m_1380,731420,26,98,1.99,0.02,1,0.02,0.03,7
,m_1380,732090,27,98,1.87,0.01,1,0.02,0.03,6
,m_1380,733010,23,99,2.1,0.01,1,0.02,0.03,2
,m_1380,733170,23,98,1.93,0.01,1,0.02,0.03,2
,m_1380,734920,25,99,1.89,0.01,1,0.03,0.03,3
,m_1380,735330,26,99,2.05,0.02,1,0.03,0.03,1
,m_1380,736680,24,99,,,,0.03,0.03,1
,m_1380,736810,39,99,2.09,0,1,0.03,0.03,2
,m_1380,737220,19,99,1.99,0.02,1,0.03,0.03,1
,m_1380,738110,39,98,1.91,0.16,0,0.03,0.03,3
,m_1380,738560,35,99,1.89,0.03,1,0.03,0.04,2
,m_1380,738940,35,99,2,0.03,1,0.03,0.04,8
,m_1380,740260,20,69,1.79,0.02,1,0,0,2
,m_1380,743140,17,82,1.71,0.01,1,0,0,4
,m_1380,743450,22,82,1.43,0.01,0,0,0,2
,m_1380,743520,28,82,1.62,0,0,0,0,4
,m_1380,743640,21,83,1.68,0.01,0,0,0,7
,m_1380,744600,18,83,2.07,0,1,0,0,3
,m_1380,745830,22,84,3.03,0,0,0,0.01,6
,m_1380,746380,17,85,2.81,0,0,0,0.01,6
,m_1380,747150,24,85,2.67,0,0,0.01,0.01,3
,m_1380,747770,22,86,2.61,0,0,0.01,0.01,5
,m_1380,748360,18,87,2.63,0,0,0.01,0.01,2
,m_1380,748750,21,86,2.45,0,0,0.01,0.01,3
,m_1380,748770,17,86,2.87,0,0,0.01,0.01,3
,m_1380,750570,18,87,3.24,0,0,0.01,0.01,4
,m_1380,750630,23,87,3.08,0,0,0.01,0.01,6
,m_1380,750970,23,87,,,,0.01,0.01,4
,m_1380,751430,22,89,2.6,0,0,0.01,0.01,4
,m_1380,752120,44,96,2.35,0,0,0.01,0.01,3
,m_1380,752590,51,100,2.29,0,0,0.01,0.01,3
,m_1380,753040,37,99,2.45,0,0,0.01,0.01,3
,m_1380,754010,35,97,2.87,0.01,0,0.01,0.02,22
,m_1380,754630,34,97,2.49,0.01,0,0.01,0.02,4
,m_1380,754920,68,99,2.58,0,0,0.01,0.02,24
,m_1380,755070,33,99,2.48,0,0,0.01,0.02,27
,m_1380,755530,37,98,2.55,0,0,0.01,0.02,35
,m_1380,756260,30,100,2.85,0.01,1,0.01,0.02,39
,m_1380,756350,32,99,2.1,0,0,0.01,0.02,4
,m_1380,757120,23,96,2.53,0,0,0.02,0.02,55
,m_1380,758440,19,99,2.15,0,0,0.02,0.02,33
,m_1380,758670,19,100,3.23,0,0,0.02,0.02,43
,m_1380,758850,19,98,1.51,0.2,0,0.02,0.02,3
,m_1380,758970,19,99,2.38,0,0,0.02,0.02,4
,m_1380,759160,19,98,3.23,0,0,0.02,0.02,54
,m_1380,759500,17,100,2.71,0.01,0,0.02,0.02,38
,m_1380,759840,22,98,2.21,0,0,0.02,0.02,44
,m_1380,760000,20,98,2.75,0,0,0.02,0.02,46
,m_1380,760770,20,99,2.74,0,0,0.02,0.02,4
,m_1380,761050,22,98,3.09,0,0,0.02,0.02,51
,m_1380,761580,26,100,3.1,0,0,0.02,0.02,4
,m_1380,761910,26,100,3.21,0,0,0.02,0.02,46
,m_1380,762740,23,64,2.33,0,0,0,0,41
,m_1380,763140,17,66,2.74,0,0,0,0,2
,m_1380,763390,28,68,2.26,0.03,0,0,0,2
,m_1380,764820,17,70,2.24,0,0,0,0,3
,m_1380,765640,19,72,3.1,0,0,0,0,48
,m_1380,765780,16,72,2.23,0.02,0,0,0,3
,m_1380,766320,19,72,3.29,0,0,0,0,50
,m_1380,766670,16,73,3.21,0,0,0,0,5
,m_1380,767730,23,75,2.34,0,0,0,0,2
,m_1380,768620,21,75,2.74,0.01,0,0,0,45
,m_1380,768800,18,76,3.65,0,0,0,0,2
,m_1380,770740,19,78,2.91,0,0,0,0.01,3
,m_1380,771300,17,78,3.31,0,0,0.01,0.01,2
,m_1380,771940,19,79,3.06,0,0,0.01,0.01,2
,m_1380,772830,19,80,2.6,0,0,0.01,0.01,40
,m_1380,773620,15,81,3.16,0,0,0.01,0.01,2
,m_1380,774200,19,81,3.01,0,0,0.01,0.01,7
,m_1380,774380,22,81,3.23,0,0,0.01,0.01,46
,m_1380,774750,19,82,3.36,0,0,0.01,0.01,32
,m_1380,775920,22,82,2.97,0,0,0.01,0.01,33
,m_1380,776300,16,83,3.13,0,0,0.01,0.01,44
,m_1380,776520,20,84,3.19,0,0,0.01,0.01,46
,m_1380,777260,16,83,2.9,0,0,0.01,0.01,43
,m_1380,777410,17,84,3.5,0,0,0.01,0.01,41
,m_1584,696940,3,65,1.41,0,0,0,0,
,m_1584,698070,4,68,1.34,0,0,0,0,3
,m_1584,698180,3,68,1.4,0,0,0,0,5
,m_1584,699860,3,70,1.31,0,0,0,0,7
,m_1584,700970,3,70,1.31,0,0,0,0,3
,m_1584,702350,5,71,1.16,0,0,0,0,5
,m_1584,702380,3,71,1.14,0,0,0,0,3
,m_1584,702520,3,70,1.09,0,0,0,0,
,m_1584,702660,3,71,1.33,0,0,0,0,5
,m_1584,703080,3,71,1.07,0,0,0,0,5
,m_1584,704070,4,71,0.94,0,0,0,0,12
,m_1584,704300,3,71,1.25,0,0,0,0,4
,m_1584,704820,3,71,1.17,0,0,0,0,9
,m_1584,705900,3,71,1.12,0,0,0,0,13
,m_1584,706570,6,71,1.66,0,1,0,0,16
,m_1584,707910,4,72,1.28,0,0,0,0,14
,m_1584,708150,4,72,1.33,0,1,0,0,7
,m_1584,708330,4,72,1.38,0,1,0,0,4
,m_1584,709180,4,72,1.34,0,0,0,0,2
,m_1584,709470,4,72,1.24,0,0,0,0,12
,m_1584,709630,4,72,1.44,0,0,0,0,2
,m_1584,710070,4,72,1.01,0,0,0,0,8
,m_1584,710270,3,72,1.46,0,1,0,0,5
,m_1584,710420,3,72,1.61,0.05,0,0,0,4
,m_1584,711530,3,72,1.2,0,0,0,0,6
,m_1584,711790,6,72,1.14,0.02,0,0,0,9
,m_1584,712290,3,72,1.38,0.01,0,0,0,3
,m_1584,712400,4,72,1.15,0.01,0,0,0,4
,m_1584,712710,4,72,1.47,0,0,0,0,9
,m_1584,713260,5,72,0.79,0,0,0,0,4
,m_1584,714220,4,72,1.26,0,0,0,0,2
,m_1584,714420,4,73,1.28,0,0,0,0,5
,m_1584,714790,6,73,1.23,0,0,0,0,12
,m_1584,715280,5,73,1.07,0,0,0,0,3
,m_1584,715700,4,73,1.26,0,0,0,0,3
,m_1584,718240,6,74,1.46,0,0,0,0,9
,m_1584,718520,5,74,1.38,0.01,1,0,0,17
,m_1584,719010,5,74,1.29,0,0,0,0,21
,m_1584,719280,5,74,1.44,0,0,0,0,7
,m_1584,719640,5,74,1.25,0.01,0,0,0,14
,m_1584,720440,5,74,1.39,0.06,0,0,0,16
,m_1584,720470,5,75,1.49,0,1,0,0,16
,m_1584,721010,5,74,1.52,0,0,0,0,15
,m_1584,721800,4,75,1.36,0,0,0,0,15
,m_1584,722510,5,74,1.48,0,0,0,0,
,m_1584,723300,4,75,1.53,0,1,0,0,5
,m_1584,724540,5,75,1.47,0.01,0,0,0,12
,m_1584,724830,5,75,,,,0,0,10
,m_1584,724910,4,75,1.41,0.01,0,0,0,5
,m_1584,724990,6,75,1.34,0.04,0,0,0,8
,m_1584,726830,5,75,1.4,0,0,0,0,10
,m_1584,726990,5,75,1.58,0,0,0,0,17
,m_1584,727050,5,75,,,,0,0,8
,m_1584,728120,4,75,1.29,0.01,0,0,0,16
,m_1584,730880,5,76,1.28,0.01,1,0,0,3
,m_1584,731020,5,77,1.46,0,1,0,0,6
,m_1584,731800,5,76,1.32,0.02,0,0,0,5
,m_1584,733610,4,77,1.44,0.02,0,0,0,3
,m_1584,733620,4,77,,,,0,0,3
,m_1584,733830,5,77,1.48,0.01,0,0,0,5
,m_1584,734060,4,75,1.27,0.04,0,0,0,4
,m_1584,734070,6,75,1.22,0.01,0,0,0,4
,m_1584,734710,7,74,1.37,0.01,0,0,0,8
,m_1584,735640,5,74,1.57,0.01,0,0,0,5
,m_1584,736090,8,74,1.63,0.01,0,0,0,5
,m_1584,736220,9,75,2.17,0.01,0,0,0,3
,m_1584,737210,5,76,2.1,0,0,0,0,8
,m_1584,737510,6,77,2.02,0.01,0,0,0,4
,m_1584,737670,6,77,2.3,0,0,0,0,2
,m_1584,738650,7,79,2.16,0.01,0,0,0,3
,m_1584,739110,7,79,2.38,0,0,0,0,4
,m_1584,739220,9,80,2.37,0,0,0,0,4
,m_1584,739250,9,80,2.76,0,1,0,0,4
,m_1584,739260,8,80,,,,0,0,3
,m_1584,739330,11,80,2.63,0,1,0,0,4
,m_1584,740020,5,80,2.3,0.01,0,0,0,3
,m_1584,740740,7,82,2.14,0,0,0,0,3
,m_1584,740750,7,82,1.79,0.01,0,0,0,3
,m_1584,741020,6,82,2.36,0,1,0,0,5
,m_1584,742270,8,83,2.66,0.01,1,0,0,3
,m_1584,743340,5,84,1.41,0,0,0,0,9
,m_1584,743760,5,85,2.83,0,0,0,0,4
,m_1584,743840,6,86,2.5,0.01,0,0,0,3
,m_1584,744780,6,87,2.12,0,0,0,0,8
,m_1584,744810,5,87,,,,0,0,8
,m_1584,745970,5,89,2.4,0,0,0,0,4
,m_1584,747530,8,91,2.09,0,0,0,0,3
,m_1584,747550,9,90,2.59,0,0,0,0,3
,m_1584,747650,7,91,2.16,0.01,0,0,0,3
,m_1584,749980,6,93,2.88,0,0,0,0,7
,m_1584,750550,7,86,2.91,0,0,0,0,30
,m_1584,750640,5,86,1.95,0,0,0,0,10
,m_1584,751480,6,88,2.1,0,0,0,0,3
,m_1584,752580,4,90,2.78,0,0,0,0,4
,m_1584,755990,7,92,1.72,0.01,0,0,0,26
,m_1584,757110,6,93,1.8,0,1,0,0,14
,m_1584,757230,6,93,2.23,0,1,0,0,21
,m_1584,758830,9,94,1.25,0.05,0,0,0,33
,m_1584,759090,7,93,1.47,0,1,0,0,34
,m_1584,759200,7,93,1.56,0.01,1,0,0,32
,m_1584,760040,5,95,1.31,0.04,0,0,0,38
,m_1584,761500,5,97,1.28,0.01,0,0,0,36
,m_1584,761950,7,97,1.38,0.03,1,0,0,64
,m_1584,763540,5,99,1.54,0.01,0,0,0,57
,m_1584,763860,9,100,1.47,0,0,0,0,53
,m_1584,765210,5,98,1.33,0,0,0,0,34
,m_1584,765240,5,98,1.52,0,0,0,0,12
,m_1584,765440,6,98,1.49,0.01,0,0,0,29
,m_1584,765770,6,98,1.41,0.02,0,0,0,15
,m_1584,766320,6,99,1.47,0.01,0,0,0,13
,m_1584,767140,5,99,1.6,0.01,1,0,0,28
,m_1584,768040,5,99,1.52,0,0,0,0,11
,m_1584,768560,5,100,1.43,0.04,0,0,0,36
,m_1584,770040,4,98,1.54,0,0,0,0,10
,m_1584,770840,6,99,1.47,0.03,0,0,0,37
,m_1584,770900,5,99,1.61,0,1,0,0,19
,m_1584,771360,4,100,1.65,0.01,1,0,0,11
,m_1584,771440,5,99,1.39,0.07,0,0,0,35
,m_1584,772370,5,99,1.74,0,1,0,0,13
,m_1584,772740,4,99,1.66,0.01,1,0,0,36
,m_1584,772760,5,100,1.61,0.02,1,0,0,36
,m_1584,773120,5,100,1.67,0.02,1,0,0,32
,m_1584,774700,5,100,1.56,0,0,0,0,47
,m_1584,774940,4,100,1.57,0.02,0,0,0,42
,m_1584,775280,5,100,1.12,0,0,0,0,50
,m_1584,775420,5,99,1.31,0,0,0,0,34
,m_1584,775560,5,100,1.55,0,1,0,0,12
,m_1584,775710,5,99,1.37,0.04,1,0,0.01,10
,m_1584,775800,4,99,1.59,0.02,1,0,0.01,11
,m_1584,775950,3,99,1.48,0,0,0,0.01,12
,m_1584,776160,4,99,1.55,0,1,0,0.01,2
,m_1584,776200,4,99,1.64,0,1,0,0.01,2
,m_1825,696540,3,100,1,0,0,0,0,3
,m_1825,697040,2,99,1.31,0,0,0,0,3
,m_1825,697140,2,99,1.13,0,0,0,0,6
,m_1825,698440,2,99,1.04,0,0,0,0,4
,m_1825,698980,3,99,1.2,0,0,0,0,5
,m_1825,699060,3,99,1.21,0,0,0,0,5
,m_1825,701340,3,99,1.38,0,0,0,0,3
,m_1825,701360,2,99,1.41,0,0,0,0,3
,m_1825,702090,2,100,1.06,0,0,0,0,4
,m_1825,703570,3,99,0.95,0,0,0,0,6
,m_1825,703620,3,99,1.32,0,1,0,0,13
,m_1825,704800,2,100,1.28,0,0,0,0,4
,m_1825,705000,2,100,1.16,0,0,0,0,4
,m_1825,705280,3,100,,,,0,0,8
,m_1825,705330,2,100,1.31,0,0,0,0,11
,m_1825,705570,5,100,1.14,0,0,0,0,7
,m_1825,707040,2,100,1.24,0,0,0,0,
,m_1825,707720,2,99,1.21,0,0,0,0,3
,m_1825,708610,5,99,1.33,0,0,0,0,4
,m_1825,709480,2,97,1.29,0,0,0,0,13
,m_1825,710170,3,98,1.15,0,0,0,0,8
,m_1825,710800,2,98,1.5,0,1,0,0,7
,m_1825,712230,3,88,1.53,0,1,0,0,5
,m_1825,712240,3,88,1.32,0,0,0,0,5
,m_1825,712930,3,88,1.13,0,0,0,0,3
,m_1825,713580,2,88,0.75,0,0,0,0,4
,m_1825,714030,3,88,1.07,0.01,0,0,0,7
,m_1825,714080,3,88,1.25,0,0,0,0,12
,m_1825,714300,3,88,1.05,0,0,0,0,2
,m_1825,714900,2,88,1.05,0,0,0,0,2
,m_1825,715470,3,88,1.12,0,0,0,0,4
,m_1825,716220,3,89,1.11,0,0,0,0,2
,m_1825,716320,2,89,1.1,0,0,0,0,4
,m_1825,718260,2,89,1.07,0,0,0,0,8
,m_1825,718360,3,89,1.13,0,0,0,0,4
,m_1825,718410,3,89,1.07,0,0,0,0,7
,m_1825,718550,3,89,1.07,0,0,0,0,7
,m_1825,718840,3,89,1.12,0,0,0,0,23
,m_1825,719250,3,89,1.16,0,0,0,0,10
,m_1825,721420,2,90,1.7,0,2,0,0,5
,m_1825,721490,3,90,1.42,0,1,0,0,10
,m_1825,721950,2,90,1.07,0,0,0,0,17
,m_1825,721990,4,90,1.21,0,0,0,0,11
,m_1825,722390,3,90,0.99,0,0,0,0,8
,m_1825,722510,2,90,1.01,0,0,0,0,13
,m_1825,722800,2,90,1.21,0,0,0,0,17
,m_1825,723280,3,90,1.14,0,0,0,0,15
,m_1825,724640,3,91,1.29,0,0,0,0,9
,m_1825,725000,3,91,1.21,0,0,0,0,6
,m_1825,726390,4,91,1.4,0,1,0,0,8
,m_1825,727950,4,92,1.17,0,0,0,0,20
,m_1825,730040,4,91,1.21,0,1,0,0,2
,m_1825,730190,5,91,1.33,0,0,0,0,5
,m_1825,731040,4,92,0.95,0,0,0,0,7
,m_1825,731720,6,92,1.41,0,1,0,0,4
,m_1825,732340,8,92,,,,0,0,3
,m_1825,732850,6,92,0.99,0,0,0,0,5
,m_1825,733940,3,93,1.01,0,0,0,0,11
,m_1825,734230,6,93,0.93,0,0,0,0,10
,m_1825,734390,3,93,1.06,0,0,0,0,8
,m_1825,734650,5,93,1.32,0,0,0,0,10
,m_1825,735090,4,93,1.37,0,1,0,0,5
,m_1825,735480,2,93,,,,0,0,12
,m_1825,736230,3,93,1.3,0,0,0,0,2
,m_1825,736390,4,93,1.19,0,0,0,0,3
,m_1825,740030,3,94,1.09,0,0,0,0,2
,m_1825,740150,3,94,1.25,0,0,0,0,2
,m_1825,740780,4,94,1.31,0.01,0,0,0,2
,m_1825,740870,4,94,1.12,0.01,0,0,0,2
,m_1825,741230,4,94,1.37,0,0,0,0,2
,m_1825,741530,6,94,1.08,0,0,0,0,5
,m_1825,743120,5,94,1.39,0,1,0,0,4
,m_1825,743320,4,94,1.07,0,0,0,0,3
,m_1825,743400,2,94,0.94,0,0,0,0,4
,m_1825,743430,6,94,1.11,0,0,0,0,4
,m_1825,744020,20,94,1.07,0,0,0,0,6
,m_1825,744040,4,94,1.34,0,0,0,0,6
,m_1825,744590,3,94,1.06,0,0,0,0,4
,m_1825,745210,6,95,1.25,0,0,0,0,7
,m_1825,745970,3,95,1.01,0,0,0,0,4
,m_1825,746020,3,95,1.22,0,1,0,0,6
,m_1825,746870,3,95,1.3,0,0,0,0,7
,m_1825,746890,5,95,1.5,0,1,0,0,3
,m_1825,747090,3,95,1.35,0,0,0,0,3
,m_1825,747660,4,95,,,,0,0,4
,m_1825,748080,4,95,1.18,0,0,0,0,5
,m_1825,748440,4,95,1.2,0,0,0,0,3
,m_1825,748930,5,95,1.31,0,0,0,0,2
,m_1825,748940,3,95,1.27,0,0,0,0,2
,m_1825,750660,4,95,1.38,0,0,0,0,5
,m_1825,751350,3,95,1.5,0,1,0,0,5
,m_1825,751640,4,95,1.37,0,0,0,0,4
,m_1825,752160,3,95,1.24,0,0,0,0,2
,m_1825,752240,3,95,1.28,0,0,0,0,2
,m_1825,752720,4,96,1.59,0,1,0,0,7
,m_1825,753430,5,96,1.02,0,0,0,0,5
,m_1825,753460,3,96,1.19,0,0,0,0,5
,m_1825,753820,3,96,1.27,0,0,0,0,8
,m_1825,754170,3,96,1.38,0,0,0,0,30
,m_1825,755520,4,95,1.3,0,0,0,0,8
,m_1825,755670,3,95,1,0,0,0,0,4
,m_1825,756820,2,96,1.06,0,0,0,0,46
,m_1825,757120,3,96,1.55,0,0,0,0,4
,m_1825,757510,5,96,1.18,0,0,0,0,44
,m_1825,758210,3,96,1.33,0,0,0,0,3
,m_1825,758230,4,96,1.3,0,0,0,0,47
,m_1825,758240,3,96,1.24,0,0,0,0,47
,m_1825,760280,4,96,1.29,0,0,0,0,45
,m_1825,760680,2,96,1.27,0,0,0,0,2
,m_1825,760890,3,97,1.4,0,0,0,0,51
,m_1825,761280,2,96,1.39,0,0,0,0,2
,m_1825,762110,2,96,1.48,0,0,0,0,34
,m_1825,762170,3,96,1.29,0,0,0,0,5
,m_1825,762470,2,96,1.48,0,0,0,0,50
,m_1825,764170,4,96,1.19,0,0,0,0,2
,m_1825,764250,3,96,1.11,0,0,0,0,47
,m_1825,764280,3,96,1.46,0,1,0,0,13
,m_1825,765110,2,96,1.58,0,0,0,0,55
,m_1825,765580,2,96,1.42,0,0,0,0,36
,m_1825,766250,3,97,1.18,0,0,0,0,4
,m_1825,767730,3,96,1.61,0,1,0,0,41
,m_1825,768450,2,96,1,0,0,0,0,46
,m_1825,768580,3,96,1.61,0,0,0,0,44
,m_1825,769380,2,96,1.16,0,0,0,0,54
,m_1825,769450,4,96,1.41,0,0,0,0,2
,m_1825,769660,2,97,1.29,0,0,0,0,46
,m_1825,770170,4,97,1.27,0,0,0,0,4
,m_1825,770340,2,97,1.19,0,0,0,0,
,m_1825,770580,2,97,1.15,0,0,0,0,54
,m_1825,770630,2,97,1.18,0,0,0,0,54
,m_1825,771020,3,97,1.14,0,0,0,0,5
,m_1825,771620,18,97,0.85,0.01,0,0,0,2
,m_1825,771900,3,97,1.08,0,0,0,0,38
,m_1825,772450,4,97,1.34,0,0,0,0,4
,m_1825,772570,4,97,1.59,0,0,0,0,2
,m_1825,772620,2,97,1.22,0,0,0,0,48
,m_1825,772840,2,96,,,,0,0,2
,m_1825,774200,2,97,1.16,0,0,0,0,44
,m_1825,774290,2,97,1.54,0,0,0,0,3
,m_1825,776200,3,97,1.25,0,0,0,0,2
,m_1825,776530,4,97,1.44,0,0,0,0,3
,m_1825,777400,2,97,1.15,0,0,0,0,3
,m_183,696560,2,47,1.05,0,0,0,0,5
,m_183,696600,2,47,1.08,0,0,0,0,5
,m_183,697070,1,50,1.37,0,0,0,0,4
,m_183,697350,2,50,1.28,0,0,0,0,6
,m_183,699300,2,50,1.06,0,0,0,0,7
,m_183,699440,3,50,1.52,0,1,0,0,6
,m_183,699770,1,50,1.29,0,0,0,0,9
,m_183,701190,2,50,,,,0,0,8
,m_183,701770,3,50,1.21,0,1,0,0,10
,m_183,701820,2,50,1.42,0,1,0,0,3
,m_183,702600,2,50,1,0,0,0,0,3
,m_183,702620,2,50,1.25,0,0,0,0,3
,m_183,704050,2,50,1.06,0,0,0,0,4
,m_183,705060,1,50,1.2,0,0,0,0,6
,m_183,705620,2,50,1.35,0,1,0,0,11
,m_183,706240,1,51,1.33,0,0,0,0,26
,m_183,706300,1,51,1.09,0,0,0,0,26
,m_183,707040,2,51,1.12,0,0,0,0,9
,m_183,708140,2,51,1.46,0,0,0,0,12
,m_183,709690,3,51,1.28,0,0,0,0,10
,m_183,710240,2,51,1.13,0,0,0,0,6
,m_183,710500,1,51,1.14,0,0,0,0,6
,m_183,710520,1,51,1.24,0,0,0,0,10
,m_183,711290,1,51,1.31,0,0,0,0,11
,m_183,711800,2,51,1,0,0,0,0,7
,m_183,711830,2,51,1.1,0,0,0,0,7
,m_183,712130,2,51,1.07,0,0,0,0,3
,m_183,712320,2,51,1.28,0,0,0,0,5
,m_183,712640,2,51,1.26,0,0,0,0,
,m_183,713710,3,51,1.58,0,0,0,0,6
,m_183,714790,3,51,1.31,0,0,0,0,3
,m_183,715060,1,51,1.23,0,0,0,0,3
,m_183,715540,2,51,1.78,0,0,0,0,4
,m_183,717650,2,51,1.36,0,0,0,0,9
,m_183,718010,2,51,1.4,0,0,0,0,4
,m_183,718220,2,51,,,,0,0,7
,m_183,718400,2,51,1.41,0,0,0,0,7
,m_183,718760,2,51,1.5,0,0,0,0,26
,m_183,719960,2,52,2.43,0,0,0,0,7
,m_183,720760,2,52,1.6,0,0,0,0,9
,m_183,720920,2,52,1.5,0,0,0,0,12
,m_183,721190,2,52,1.52,0,0,0,0,4
,m_183,721230,2,52,1.15,0,0,0,0,6
,m_183,721760,2,52,1.88,0,1,0,0,27
,m_183,722330,2,52,1.3,0,0,0,0,11
,m_183,723270,2,52,1.04,0,0,0,0,14
,m_183,724330,3,52,1.14,0,1,0,0,24
,m_183,724550,2,52,1.21,0,0,0,0,18
,m_183,724860,2,52,1.37,0,1,0,0,28
,m_183,724980,2,52,1.39,0,1,0,0,17
,m_183,725310,1,52,1.12,0,0,0,0,11
,m_183,726010,3,52,1.44,0,2,0,0,17
,m_183,726080,2,52,1.33,0,1,0,0,11
,m_183,726620,2,52,1.29,0,0,0,0,13
,m_183,728280,1,52,1.08,0,0,0,0,11
,m_183,728490,2,52,1.2,0,0,0,0,12
,m_183,729050,2,52,1.03,0,0,0,0,19
,m_183,729610,3,52,1.42,0,0,0,0,13
,m_183,730360,1,52,1.13,0,0,0,0,10
,m_183,730920,2,52,1.32,0,1,0,0,14
,m_183,732720,2,53,1.37,0,0,0,0,11
,m_183,732910,3,53,1.24,0,1,0,0,9
,m_183,734880,2,53,1.05,0,0,0,0,7
,m_183,736510,3,53,0.98,0,0,0,0,2
,m_183,737260,1,53,1.36,0,1,0,0,4
,m_183,737660,1,53,1.49,0,2,0,0,2
,m_183,738300,2,53,1.07,0,1,0,0,2
,m_183,738500,2,53,1.46,0.01,3,0,0,5
,m_183,739170,1,53,1.53,0,1,0,0,3
,m_183,740370,1,53,1.48,0,0,0,0,1
,m_183,741500,2,53,1.45,0.01,0,0,0,1
,m_183,741730,4,53,1.64,0,4,0,0,2
,m_183,742370,2,53,1.3,0,0,0,0,2
,m_183,743020,1,53,1.32,0,1,0,0,2
,m_183,743670,1,53,1.37,0,2,0,0,3
,m_183,744100,1,53,1.47,0,3,0,0,3
,m_183,744270,1,53,1.72,0,3,0,0,3
,m_183,745250,2,49,1.41,0,1,0,0,5
,m_183,745320,1,49,1.43,0,0,0,0,3
,m_183,746230,3,49,1.37,0,1,0,0,4
,m_183,746750,1,49,1.62,0,3,0,0,6
,m_183,746800,1,49,0.91,0,0,0,0,2
,m_183,748770,1,48,1.34,0,2,0,0,3
,m_183,748780,1,48,1.22,0,0,0,0,3
,m_183,750310,3,45,1.41,0,0,0,0,3
,m_183,751290,2,44,0.94,0,0,0,0,2
,m_183,751390,3,44,1.24,0,0,0,0,3
,m_183,751900,1,44,1.35,0,0,0,0,3
,m_183,751990,3,44,1.29,0,0,0,0,4
,m_183,752020,1,44,1.29,0,0,0,0,4
,m_183,752230,2,44,1.28,0,0,0,0,5
,m_183,752660,2,44,1.18,0,0,0,0,3
,m_183,753130,2,42,1.37,0,0,0,0,2
,m_183,753350,2,42,1.11,0,0,0,0,11
,m_183,753400,1,42,1.12,0,0,0,0,6
,m_183,754110,2,42,1.62,0,1,0,0,16
,m_183,754180,1,42,1.19,0,0,0,0,19
,m_183,754930,2,42,1.3,0,0,0,0,4
,m_183,755980,1,41,1.46,0,1,0,0,41
,m_183,756150,2,41,1.19,0,0,0,0,4
,m_183,756200,2,41,1.57,0,1,0,0,26
,m_183,756480,2,41,,,,0,0,5
,m_183,758090,1,40,1.13,0,0,0,0,3
,m_183,758480,2,39,1.62,0,0,0,0,45
,m_183,758990,1,39,,,,0,0,41
,m_183,759980,2,39,1.43,0,1,0,0,5
,m_183,761280,1,39,1.46,0,0,0,0,4
,m_183,761300,1,39,1.42,0,1,0,0,4
,m_183,761900,2,39,1.31,0,0,0,0,5
,m_183,762580,1,39,1.45,0,0,0,0,33
,m_183,763480,1,39,1.47,0,0,0,0,5
,m_183,764110,3,39,1.08,0,0,0,0,68
,m_183,765050,1,39,1.23,0,0,0,0,4
,m_183,765750,1,39,1.56,0,0,0,0,2
,m_183,765850,3,39,1.42,0,0,0,0,4
,m_183,765860,2,39,1.1,0,0,0,0,4
,m_183,766310,1,39,1.3,0,0,0,0,62
,m_183,768170,1,37,1.63,0,1,0,0,5
,m_183,768410,1,37,,,,0,0,2
,m_183,768810,2,37,1.6,0,0,0,0,39
,m_183,769060,1,37,1.64,0,1,0,0,43
,m_183,769250,1,37,1.15,0,0,0,0,4
,m_183,769320,1,37,1.28,0,0,0,0,4
,m_183,769780,1,37,1.29,0,0,0,0,53
,m_183,770740,1,38,1.72,0,1,0,0,56
,m_183,771460,1,37,1.28,0,0,0,0,43
,m_183,771860,2,37,1.41,0,1,0,0,4
,m_183,772360,1,37,1.64,0,1,0,0,2
,m_183,773200,1,37,1.71,0,0,0,0,5
,m_183,773770,2,38,1.27,0,0,0,0,3
,m_183,774650,1,37,1.43,0,0,0,0,4
,m_183,775660,1,37,1.29,0,0,0,0,53
,m_183,775750,2,37,1.43,0,0,0,0,46
,m_183,776180,2,37,1.34,0,0,0,0,1
,m_183,776540,1,37,1.48,0,0,0,0,2
,m_183,776570,1,37,1.72,0,2,0,0,2
,m_183,777260,1,37,0.94,0,0,0,0,2
,m_1834,696630,2,65,1.54,0.04,0,0,0,2
,m_1834,697350,2,64,1.7,0.04,1,0,0,1
,m_1834,697370,2,64,1.72,0.02,1,0,0,1
,m_1834,697810,3,65,2.38,0.06,0,0,0,1
,m_1834,698380,1,65,2.21,0.07,0,0,0,1
,m_1834,699580,1,66,1.5,0.06,0,0,0,1
,m_1834,699590,2,66,1.62,0.06,0,0,0,1
,m_1834,699710,2,65,1.7,0.04,0,0,0,1
,m_1834,700100,2,65,,,,0,0,1
,m_1834,700110,2,65,1.62,0.03,0,0,0,1
,m_1834,701370,2,66,1.85,0.04,1,0,0,1
,m_1834,701420,2,66,1.55,0.07,0,0,0,1
,m_1834,701670,2,66,2.1,0.05,0,0,0,1
,m_1834,702290,1,66,1.69,0.04,0,0,0,1
,m_1834,702700,1,66,1.58,0.03,0,0,0,2
,m_1834,702780,2,66,1.87,0.07,0,0,0,1
,m_1834,703040,2,66,1.67,0.04,1,0,0,1
,m_1834,703950,2,66,1.64,0.03,0,0,0,1
,m_1834,705650,1,66,1.78,0.03,0,0,0,1
,m_1834,706280,1,66,1.66,0.06,0,0,0,1
,m_1834,707070,2,66,1.69,0.04,1,0,0,1
,m_1834,707290,3,67,1.57,0.09,0,0,0,1
,m_1834,709160,1,67,1.6,0.03,0,0,0,1
,m_1834,709250,1,67,1.84,0.03,1,0,0,1
,m_1834,710120,1,67,1.53,0.02,0,0,0,1
,m_1834,710180,1,67,1.71,0.05,0,0,0,1
,m_1834,710200,1,67,1.9,0.05,0,0,0,1
,m_1834,710460,2,67,1.63,0.02,0,0,0,1
,m_1834,710750,1,67,1.71,0.02,0,0,0,1
,m_1834,710950,3,67,1.76,0.03,0,0,0,1
,m_1834,711270,2,67,1.8,0.05,0,0,0,1
,m_1834,711300,2,67,1.74,0.07,0,0,0,1
,m_1834,712020,2,64,1.71,0.02,0,0,0,1
,m_1834,712030,3,64,2.26,0.02,0,0,0,1
,m_1834,712230,2,64,1.67,0.03,0,0,0,1
,m_1834,712440,2,64,1.55,0.06,1,0,0,1
,m_1834,713190,2,64,2.21,0.02,0,0,0,1
,m_1834,713670,2,64,1.62,0.05,0,0,0,1
,m_1834,713720,1,64,1.64,0.13,0,0,0,1
,m_1834,714300,2,64,1.58,0.05,0,0,0,1
,m_1834,714470,1,64,1.74,0.05,1,0,0,1
,m_1834,714560,1,64,1.67,0.07,0,0,0,1
,m_1834,714640,1,64,1.68,0.06,0,0,0,1
,m_1834,714790,3,64,1.76,0.07,0,0,0,1
,m_1834,714800,2,64,1.55,0.04,0,0,0,1
,m_1834,715070,1,64,1.74,0.03,0,0,0,1
,m_1834,715810,3,64,1.73,0.05,0,0,0,1
,m_1834,716980,1,65,2.4,0.05,0,0,0,1
,m_1834,717420,2,65,2.03,0.03,0,0,0,1
,m_1834,717640,1,65,1.72,0.06,1,0,0,1
,m_1834,718440,2,65,1.6,0.09,0,0,0,1
,m_1834,718730,1,65,1.67,0.08,1,0,0,1
,m_1834,718950,2,65,1.82,0.04,1,0,0,1
,m_1834,719330,2,65,1.91,0.06,1,0,0,1
,m_1834,720000,2,65,1.62,0.03,1,0,0,1
,m_1834,720150,2,65,1.67,0.04,1,0,0,1
,m_1834,720240,2,65,1.61,0.07,0,0,0,1
,m_1834,720860,1,65,1.73,0.09,0,0,0,1
,m_1834,721140,2,65,1.56,0.05,0,0,0,1
,m_1834,722070,2,65,1.66,0.08,1,0,0,1
,m_1834,722600,1,65,1.8,0.06,0,0,0,1
,m_1834,722750,1,65,1.52,0.03,0,0,0,1
,m_1834,722970,2,65,1.7,0.02,1,0,0,1
,m_1834,723410,2,65,1.59,0.05,0,0,0,1
,m_1834,723590,1,65,1.56,0.11,1,0,0,1
,m_1834,724350,2,65,1.64,0.11,0,0,0,1
,m_1834,724540,1,66,2.35,0.04,0,0,0,1
,m_1834,724830,2,65,2.13,0.11,0,0,0,1
,m_1834,725750,1,66,1.62,0.06,0,0,0,1
,m_1834,726900,2,66,1.57,0.06,0,0,0,1
,m_1834,727200,2,66,1.56,0.06,0,0,0,1
,m_1834,727420,2,66,1.67,0.1,0,0,0,1
,m_1834,727540,2,66,1.65,0.07,0,0,0,2
,m_1834,727600,2,66,1.72,0.04,1,0,0,1
,m_1834,727900,2,66,2.18,0.05,0,0,0,1
,m_1834,728960,2,66,1.64,0.05,1,0,0,1
,m_1834,729100,2,66,1.64,0.08,1,0,0,1
,m_1834,730340,1,66,,,,0,0,1
,m_1834,730550,2,66,2.04,0.05,0,0,0,1
,m_1834,731090,2,66,2.09,0.04,0,0,0,1
,m_1834,731170,4,66,1.67,0.04,1,0,0,1
,m_1834,731190,1,66,1.58,0.08,0,0,0,1
,m_1834,732040,2,67,1.66,0.06,1,0,0,1
,m_1834,732580,2,66,1.72,0.04,1,0,0,1
,m_1834,732740,2,67,1.56,0.11,0,0,0,1
,m_1834,733820,1,67,1.83,0.13,0,0,0,1
,m_1834,734030,1,67,1.98,0.07,0,0,0,1
,m_1834,734360,1,67,2.17,0.16,0,0,0,1
,m_1834,734890,3,67,2.1,0.07,0,0,0,1
,m_1834,735930,1,67,1.67,0.09,1,0,0,1
,m_1834,736990,4,67,1.68,0.1,0,0,0,1
,m_1834,737330,1,67,1.56,0.07,0,0,0,1
,m_1834,737860,2,67,1.55,0.06,0,0,0,1
,m_1834,737910,1,67,1.5,0.05,0,0,0,1
,m_1834,737990,2,67,2.19,0.04,0,0,0,1
,m_1834,738480,2,67,1.58,0.04,0,0,0,1
,m_1834,738890,1,67,2.14,0.03,0,0,0,1
,m_1834,740830,3,68,1.65,0.05,1,0,0,1
,m_1834,741350,2,68,1.66,0.06,1,0,0,1
,m_1834,742590,1,67,1.63,0.07,0,0,0,1
,m_1834,743210,1,67,,,,0,0,1
,m_1834,743850,1,67,1.68,0.05,1,0,0,1
,m_1834,743890,3,67,1.62,0.08,0,0,0,1
,m_1834,743900,5,67,1.79,0.07,1,0,0,1
,m_1834,743910,2,67,1.38,0.17,0,0,0,1
,m_1834,744060,1,67,1.76,0.12,1,0,0,1
,m_1834,744170,2,67,1.54,0.08,0,0,0,1
,m_1834,744340,2,67,1.56,0.03,0,0,0,1
,m_1834,744630,1,67,1.64,0.05,0,0,0,1
,m_1834,744690,1,67,1.61,0.04,0,0,0,1
,m_1834,744770,2,67,1.69,0.05,0,0,0,1
,m_1834,745370,2,67,1.52,0.06,1,0,0,1
,m_1834,745390,3,67,1.94,0.1,0,0,0,1
,m_1834,747170,1,68,1.52,0.05,1,0,0,1
,m_1834,749510,1,67,2.37,0.05,0,0,0,1
,m_1834,749750,1,67,2.04,0.03,0,0,0,1
,m_1834,750150,1,67,1.62,0.08,1,0,0,1
,m_1834,750290,1,67,2.19,0.1,0,0,0,1
,m_1834,750640,2,67,1.52,0.03,1,0,0,1
,m_1834,752620,2,67,2.12,0.07,0,0,0,1
,m_1834,753000,2,67,1.7,0.03,0,0,0,1
,m_1834,753160,2,67,2.3,0.06,0,0,0,1
,m_1834,753600,1,68,1.58,0.03,0,0,0,1
,m_1834,753750,1,68,1.53,0.03,0,0,0,1
,m_1834,754060,2,68,1.74,0.07,1,0,0,1
,m_1834,754200,1,68,1.63,0.03,0,0,0,1
,m_1834,754430,2,68,1.65,0.06,0,0,0,1
,m_1834,755830,4,68,1.69,0.09,0,0,0,1
,m_1834,755910,1,68,,,,0,0,1
,m_1834,756380,2,68,2.01,0.1,0,0,0,1
,m_1834,756990,1,68,1.75,0.05,1,0,0,1
,m_1834,760140,1,68,,,,0,0,1
,m_1834,760240,2,68,1.54,0.02,1,0,0,1
,m_1834,761190,2,68,1.69,0.06,1,0,0,1
,m_1834,761670,1,68,1.64,0.04,1,0,0,1
,m_1834,762100,2,68,1.62,0.03,0,0,0,1
,m_1834,762920,1,68,1.57,0.03,0,0,0,1
,m_1834,763250,1,68,1.71,0.08,1,0,0,1
,m_1834,763410,1,68,1.74,0.06,0,0,0,1
,m_1834,765640,1,67,1.55,0.02,1,0,0,1
,m_1834,766200,1,67,1.69,0.14,1,0,0,1
,m_1834,768190,3,67,,,,0,0,1
,m_1834,768450,1,67,2.2,0.08,0,0,0,1
,m_1834,769770,1,67,1.74,0.05,1,0,0,1
,m_1834,770330,2,67,1.61,0.12,1,0,0,1
,m_1834,772580,2,66,2.14,0.03,0,0,0,1
,m_1834,774030,1,69,1.61,0.05,1,0,0,1
,m_1834,774490,3,69,1.69,0.06,0,0,0,1
,m_1834,775850,2,71,1.74,0.06,1,0,0,1
,m_1834,777220,1,72,1.67,0.02,0,0,0,1
,m_1834,777280,1,72,1.72,0.04,1,0,0,2
,m_1834,777430,3,72,1.59,0.04,0,0,0,1
,m_2328,696320,3,56,1.17,0,0,0,0,2
,m_2328,697350,2,54,1.27,0,0,0,0,4
,m_2328,697500,2,54,1.34,0,0,0,0,
,m_2328,698090,3,54,1.11,0,0,0,0,5
,m_2328,698400,2,54,1.31,0,0,0,0,3
,m_2328,698750,3,54,1.2,0,0,0,0,3
,m_2328,700120,2,54,1.8,0,1,0,0,6
,m_2328,700340,3,54,1.48,0,0,0,0,
,m_2328,700470,2,54,1.47,0,0,0,0,2
,m_2328,702280,1,55,1.65,0,0,0,0,6
,m_2328,702880,2,55,1.06,0,0,0,0,5
,m_2328,702890,3,55,1,0,0,0,0,5
,m_2328,703280,3,55,1.21,0,0,0,0,3
,m_2328,706990,3,55,1.36,0,0,0,0,7
,m_2328,707570,3,55,1.28,0,0,0,0,
,m_2328,708650,3,55,1.31,0,0,0,0,3
,m_2328,709660,2,55,1.34,0,0,0,0,4
,m_2328,710790,2,55,1.57,0,0,0,0,3
,m_2328,711880,2,55,1.18,0,0,0,0,6
,m_2328,712230,2,55,1.39,0,0,0,0,
,m_2328,712430,3,56,1.25,0,0,0,0,5
,m_2328,712670,3,56,1.25,0,0,0,0,2
,m_2328,713500,2,56,0.78,0,0,0,0,6
,m_2328,714370,3,56,1.21,0,0,0,0,4
,m_2328,715200,3,56,1.34,0,0,0,0,8
,m_2328,715860,3,56,1.16,0,0,0,0,5
,m_2328,715880,2,56,1.21,0,0,0,0,5
,m_2328,716530,3,56,1.3,0,0,0,0,7
,m_2328,717920,2,56,1.04,0,0,0,0,12
,m_2328,718240,2,56,1.38,0,0,0,0,8
,m_2328,718470,3,56,1.28,0,1,0,0,15
,m_2328,719380,2,56,1.37,0,0,0,0,8
,m_2328,719440,2,56,1.42,0,0,0,0,
,m_2328,720030,3,56,1.65,0,1,0,0,5
,m_2328,720160,2,56,1.46,0,0,0,0,4
,m_2328,720990,3,56,1.09,0,0,0,0,6
,m_2328,721220,2,56,1.62,0,1,0,0,4
,m_2328,721250,2,56,1.39,0,1,0,0,4
,m_2328,721520,2,56,,,,0,0,5
,m_2328,721580,2,56,1.34,0,0,0,0,5
,m_2328,721630,3,56,1.32,0,0,0,0,12
,m_2328,721880,2,56,1.32,0,0,0,0,12
,m_2328,722150,3,56,1.33,0,0,0,0,10
,m_2328,722350,2,56,1.34,0,0,0,0,10
,m_2328,723780,3,57,1.08,0,0,0,0,11
,m_2328,725420,2,57,1.15,0,0,0,0,8
,m_2328,725680,2,57,1.06,0,0,0,0,9
,m_2328,725970,4,57,1.25,0,0,0,0,9
,m_2328,726590,3,57,1.42,0,1,0,0,10
,m_2328,727360,2,57,1.33,0,0,0,0,10
,m_2328,728000,2,58,1.5,0,1,0,0,7
,m_2328,728260,2,58,1.2,0,0,0,0,5
,m_2328,729000,4,58,1.1,0,0,0,0,8
,m_2328,730510,4,58,1.25,0,0,0,0,5
,m_2328,731120,2,58,2.04,0,3,0,0,6
,m_2328,731220,4,58,,,,0,0,8
,m_2328,732760,2,58,1.85,0,1,0,0,8
,m_2328,732780,3,58,2.13,0,1,0,0,6
,m_2328,732810,3,58,,,,0,0,6
,m_2328,732830,3,58,2.63,0,1,0,0,6
,m_2328,733310,3,59,2.13,0,1,0,0,9
,m_2328,735690,3,59,3.76,0,1,0,0,12
,m_2328,736640,2,59,1.27,0,1,0,0,5
,m_2328,736890,3,59,1.03,0,0,0,0,6
,m_2328,738040,2,59,1.45,0.01,0,0,0,5
,m_2328,738220,2,59,0.76,0,0,0,0,6
,m_2328,738260,3,59,0.69,0,0,0,0,4
,m_2328,739350,4,59,,,,0,0,6
,m_2328,741580,2,59,1.5,0,0,0,0,4
,m_2328,741790,3,59,1.51,0,0,0,0,4
,m_2328,742110,4,59,,,,0,0,8
,m_2328,743740,2,60,1.26,0,0,0,0,5
,m_2328,743970,3,59,1.26,0,0,0,0,4
,m_2328,745520,2,59,1.38,0,0,0,0,6
,m_2328,746130,2,60,1.31,0,0,0,0,5
,m_2328,746780,2,59,1.24,0,0,0,0,4
,m_2328,746990,3,59,1.56,0,0,0,0,3
,m_2328,747860,2,60,1.12,0,0,0,0,3
,m_2328,749510,3,59,1.35,0,0,0,0,4
,m_2328,751040,2,59,1.29,0,0,0,0,5
,m_2328,751090,4,59,1.2,0,0,0,0,4
,m_2328,751460,3,59,1.4,0,0,0,0,3
,m_2328,751660,4,59,1.27,0,0,0,0,2
,m_2328,752980,3,60,1.25,0,0,0,0,6
,m_2328,754730,2,59,1.36,0,1,0,0,7
,m_2328,754990,4,59,1.38,0,0,0,0,15
,m_2328,755150,3,59,1.29,0,0,0,0,31
,m_2328,755200,3,59,1.25,0,0,0,0,8
,m_2328,758600,2,59,1.38,0,0,0,0,42
,m_2328,759670,4,60,1.22,0,0,0,0,33
,m_2328,760620,3,60,1.31,0,0,0,0,40
,m_2328,760790,3,60,1.55,0,1,0,0,42
,m_2328,760900,3,60,1.94,0,0,0,0,45
,m_2328,761390,2,60,1.54,0,1,0,0,37
,m_2328,761590,4,60,1.73,0,0,0,0,42
,m_2328,761760,3,60,1.51,0,1,0,0,3
,m_2328,762730,4,60,1.39,0,0,0,0,4
,m_2328,763380,2,60,1.14,0,0,0,0,41
,m_2328,764390,3,60,1.45,0,0,0,0,33
,m_2328,764440,3,60,1.29,0,0,0,0,3
,m_2328,765340,3,60,1.99,0,0,0,0,41
,m_2328,768090,2,60,1.35,0,0,0,0,48
,m_2328,768400,3,60,1.37,0,0,0,0,5
,m_2328,770070,3,60,1.62,0,1,0,0,8
,m_2328,770390,2,60,1.74,0,0,0,0,36
,m_2328,770440,3,60,1.63,0,0,0,0,4
,m_2328,771260,4,60,1.3,0,0,0,0,1
,m_2328,771640,3,60,1.45,0,0,0,0,1
,m_2328,772240,3,60,1.21,0,0,0,0,7
,m_2328,772760,2,60,1.54,0,0,0,0,50
,m_2328,772890,2,60,1.5,0,0,0,0,40
,m_2328,773450,2,60,0.9,0,0,0,0,1
,m_2328,774120,2,60,1.12,0,0,0,0,6
,m_2328,775050,2,61,2,0,0,0,0,47
,m_2328,775660,3,61,1.3,0,0,0,0,53
,m_2328,777020,2,60,1.52,0,1,0,0,2
,m_2328,777440,2,60,1.53,0,0,0,0,30
,m_2374,696350,44,59,1.38,0.65,0,0,0,5
,m_2374,696390,39,65,1.33,0.35,0,0,0,3
,m_2374,696440,40,68,1.35,0.4,0,0,0,6
,m_2374,696560,38,77,1.41,0.17,0,0,0,5
,m_2374,696670,38,81,1.41,0.48,0,0,0,
,m_2374,697670,38,87,1.35,0.59,0,0,0,10
,m_2374,698870,40,85,1.33,0.4,0,0,0,7
,m_2374,699080,37,86,1.39,0.3,0,0,0,
,m_2374,699400,39,85,1.34,0.47,0,0,0,7
,m_2374,699720,49,86,1.39,0.18,0,0,0,14
,m_2374,699790,39,86,,,,0,0,7
,m_2374,700700,41,87,1.33,0.67,0,0.01,0.01,8
,m_2374,700820,38,88,1.35,0.56,0,0.01,0.01,7
,m_2374,701100,42,85,1.35,0.36,0,0.01,0.01,9
,m_2374,701120,38,86,1.36,0.4,0,0.01,0.01,9
,m_2374,701950,39,88,1.34,0.73,0,0.01,0.01,6
,m_2374,702570,39,87,1.36,0.28,0,0.01,0.01,7
,m_2374,702720,47,87,1.32,0.3,0,0.01,0.01,9
,m_2374,703010,38,86,1.32,0.37,0,0.01,0.01,7
,m_2374,703230,38,87,1.38,0.24,0,0.01,0.01,10
,m_2374,703550,40,87,1.37,0.25,0,0.01,0.01,12
,m_2374,703590,40,87,1.38,0.15,0,0.01,0.01,10
,m_2374,703850,40,88,1.38,0.18,0,0.01,0.01,7
,m_2374,705930,39,89,,,,0.01,0.01,10
,m_2374,706590,39,88,1.42,0.13,0,0.01,0.01,6
,m_2374,707830,41,89,1.38,0.33,0,0.01,0.02,15
,m_2374,708120,45,88,1.37,0.23,0,0.02,0.02,10
,m_2374,709780,38,89,1.38,0.31,0,0.02,0.02,9
,m_2374,710110,43,87,1.36,0.21,0,0.02,0.02,4
,m_2374,710490,38,89,1.42,0.17,0,0.02,0.02,8
,m_2374,711260,38,89,1.34,0.71,0,0.02,0.02,10
,m_2374,711410,39,89,1.36,0.44,0,0.02,0.02,10
,m_2374,713210,44,88,0.97,0.01,0,0.02,0.02,8
,m_2374,713370,42,89,0.99,0.01,0,0.02,0.02,6
,m_2374,714110,40,89,1.05,0.02,0,0.02,0.02,18
,m_2374,714360,47,89,1.4,0.1,0,0.02,0.03,14
,m_2374,716300,39,72,1.35,0.29,0,0.03,0.03,5
,m_2374,717000,46,70,0.96,0.92,0,0.03,0.03,10
,m_2374,717400,39,71,1.35,0.48,0,0.03,0.03,8
,m_2374,719080,42,70,1.4,0.1,0,0.03,0.03,14
,m_2374,719940,41,69,1.33,0.88,0,0.03,0.03,6
,m_2374,721030,42,70,1.36,0.15,0,0.03,0.03,8
,m_2374,721260,44,71,1.34,0.38,0,0.03,0.03,11
,m_2374,721320,45,70,1.12,0.89,0,0.03,0.03,5
,m_2374,722200,38,71,1.4,0.16,0,0.03,0.04,20
,m_2374,722510,31,70,1.4,0.03,0,0.03,0.04,15
,m_2374,723320,39,69,1.46,0.06,0,0.03,0.04,9
,m_2374,723830,39,71,1.39,0.06,0,0.04,0.04,10
,m_2374,724290,29,72,1.5,0.02,1,0.04,0.04,23
,m_2374,724600,38,71,1.33,0.06,0,0.04,0.04,15
,m_2374,724610,39,71,1.34,0.08,0,0.04,0.04,15
,m_2374,724640,39,71,1.4,0.16,0,0.04,0.04,10
,m_2374,724770,64,70,1.45,0.06,1,0.04,0.04,12
,m_2374,726120,47,71,1.44,0.07,0,0.04,0.04,13
,m_2374,727670,39,72,1.43,0.08,1,0.04,0.04,16
,m_2374,728010,39,70,1.39,0.13,0,0.04,0.04,12
,m_2374,729080,40,71,1.41,0.03,0,0.04,0.05,11
,m_2374,729500,41,72,1.41,0.68,0,0.04,0.05,10
,m_2374,730540,40,71,1.45,0.04,1,0.04,0.05,6
,m_2374,730720,40,70,1.44,0.03,1,0.04,0.05,18
,m_2374,730760,41,70,1.47,0.04,1,0.04,0.05,15
,m_2374,730790,41,70,1.51,0.01,1,0.04,0.05,15
,m_2374,731540,43,72,1.44,0.09,1,0.04,0.05,9
,m_2374,731690,30,71,1.46,0.11,1,0.04,0.05,10
,m_2374,732040,39,70,1.49,0.02,1,0.04,0.05,6
,m_2374,732460,39,72,1.46,0.06,1,0.05,0.05,7
,m_2374,732580,40,70,1.41,0.15,0,0.05,0.05,8
,m_2374,733150,42,70,1.48,0.05,1,0.05,0.05,6
,m_2374,734660,43,72,1.53,0.11,1,0.05,0.05,11
,m_2374,735110,41,72,1.41,0.11,1,0.05,0.05,7
,m_2374,735150,42,71,1.34,0.41,0,0.05,0.05,9
,m_2374,735830,41,71,1.41,0.06,1,0.05,0.05,12
,m_2374,736210,43,71,1.41,0.31,1,0.05,0.05,9
,m_2374,738400,39,71,1.37,0.58,0,0.05,0.06,7
,m_2374,738900,46,72,1.47,0.02,1,0.05,0.06,7
,m_2374,739090,46,71,,,,0.05,0.06,5
,m_2374,739870,41,72,1.39,0.26,1,0.05,0.06,5
,m_2374,740230,41,72,1.39,0.55,0,0.06,0.06,4
,m_2374,740960,40,71,1.4,0.19,0,0.06,0.06,4
,m_2374,741100,28,73,1.39,0.05,0,0.06,0.06,8
,m_2374,741870,40,71,1.38,0.59,1,0.06,0.06,7
,m_2374,743340,44,72,1.32,0.18,0,0.06,0.06,8
,m_2374,744080,41,72,,,,0.06,0.07,8
,m_2374,744110,39,72,,,,0.06,0.07,8
,m_2374,744200,39,72,1.42,0.45,1,0.06,0.07,4
,m_2374,744880,41,73,1.44,0.08,0,0.06,0.07,14
,m_2374,745590,41,71,1.47,0.12,1,0.06,0.07,6
,m_2374,746320,38,72,,,,0.06,0.07,4
,m_2374,747380,36,73,1.4,0.24,0,0.06,0.07,11
,m_2374,747430,40,73,1.42,0.78,0,0.06,0.07,6
,m_2374,748190,37,73,1.4,0.27,0,0.06,0.07,9
,m_2374,748540,35,72,1.39,0.52,0,0.07,0.07,6
,m_2374,748670,38,73,1.36,0.45,0,0.07,0.07,3
,m_2374,749200,38,73,1.36,0.46,0,0.07,0.07,8
,m_2374,751150,42,74,1.32,0.15,0,0.07,0.07,5
,m_2374,751230,40,71,1.32,0.19,0,0.07,0.07,5
,m_2374,751550,37,72,1.38,0.28,0,0.07,0.08,5
,m_2374,751700,40,72,1.4,0.32,1,0.07,0.08,8
,m_2374,754420,43,71,0.98,0.96,0,0.07,0.08,8
,m_2374,755370,40,71,1.53,0.03,1,0.07,0.08,5
,m_2374,755850,40,73,1.43,0.14,1,0.07,0.08,6
,m_2374,756040,39,72,1.44,0.23,0,0.07,0.08,5
,m_2374,757120,35,73,1.37,0.29,0,0.08,0.08,33
,m_2374,757780,38,72,1.39,0.39,0,0.08,0.08,4
,m_2374,758080,37,72,1.34,0.5,0,0.08,0.08,4
,m_2374,758540,31,72,1.33,1.1,1,0.08,0.08,8
,m_2374,759200,40,74,1.37,0.73,0,0.08,0.09,6
,m_2374,760040,33,73,1.41,0.71,1,0.08,0.09,8
,m_2374,760610,37,73,2.06,0.02,0,0.08,0.09,7
,m_2374,761090,40,73,,,,0.08,0.09,10
,m_2374,761470,41,72,,,,0.08,0.09,7
,m_2374,761960,40,73,1.39,0.6,1,0.08,0.09,18
,m_2374,762500,36,72,1.37,0.63,1,0.08,0.09,7
,m_2374,763010,35,71,1.33,1.02,0,0.08,0.09,5
,m_2374,764690,39,73,1.35,0.48,0,0.08,0.09,4
,m_2374,765760,38,74,1.52,0.32,0,0.09,0.09,4
,m_2374,766290,38,72,1.45,0.2,1,0.09,0.09,5
,m_2374,767710,42,73,1.35,0.79,0,0.09,0.1,4
,m_2374,768230,38,74,1.31,0.69,0,0.09,0.1,9
,m_2374,768260,40,74,1.32,1.17,0,0.09,0.1,7
,m_2374,769260,46,72,,,,0.09,0.1,6
,m_2374,769510,42,73,1.36,0.78,0,0.09,0.1,5
,m_2374,769760,40,72,1.41,0.34,0,0.09,0.1,5
,m_2374,770110,41,72,1.39,0.36,0,0.09,0.1,3
,m_2374,770610,39,72,1.35,0.9,0,0.09,0.1,7
,m_2374,770970,39,72,,,,0.09,0.1,12
,m_2374,771610,44,73,1.32,1.47,0,0.09,0.1,4
,m_2374,771890,38,73,1.29,0.97,0,0.09,0.1,2
,m_2374,772080,48,73,1.38,0.63,0,0.09,0.1,6
,m_2374,772410,38,73,1.34,0.51,0,0.09,0.1,7
,m_2374,773040,45,74,1.31,0.72,0,0.1,0.1,4
,m_2374,773310,39,73,1.36,1.01,0,0.1,0.1,3
,m_2374,773440,36,73,1.36,0.68,0,0.1,0.1,4
,m_2374,774300,44,72,1.32,0.79,0,0.1,0.11,3
,m_2374,775280,39,73,1.36,0.82,1,0.1,0.11,6
,m_2374,775940,42,73,1.38,1.27,0,0.1,0.11,6
,m_2374,775960,38,73,1.33,1.22,0,0.1,0.11,6
,m_2374,777420,43,73,1.32,1.29,0,0.1,0.11,4
,m_2729,697020,6,57,,,,0,0,44
,m_2729,701890,6,62,1.48,0,0,0,0,4
,m_2729,701990,6,62,1.42,0.01,0,0,0,4
,m_2729,703160,5,62,2.13,0,0,0,0,6
,m_2729,703720,5,63,1.37,0,0,0,0,6
,m_2729,703860,6,63,2.21,0,0,0,0,9
,m_2729,704220,6,63,2.04,0,0,0,0,9
,m_2729,704580,5,63,2.54,0,0,0,0,12
,m_2729,704860,5,63,2.98,0,0,0,0,7
,m_2729,705520,5,63,3.5,0,0,0,0,21
,m_2729,706170,6,63,1.98,0,0,0,0,17
,m_2729,707190,5,64,2.37,0,1,0,0,23
,m_2729,707890,6,64,2.95,0,0,0,0,22
,m_2729,708450,5,64,2.48,0,0,0,0,10
,m_2729,708770,5,64,2.09,0,0,0,0,30
,m_2729,709170,7,63,2.06,0,0,0,0,4
,m_2729,709250,5,63,1.59,0,0,0,0,6
,m_2729,709650,5,63,2.59,0,0,0,0,3
,m_2729,710610,5,64,2.79,0,0,0,0,4
,m_2729,710740,6,64,1.96,0,0,0,0,5
,m_2729,711080,5,64,2.1,0,0,0,0,22
,m_2729,711880,5,64,1.66,0,0,0,0,10
,m_2729,711960,5,64,1.5,0,0,0,0,7
,m_2729,712040,4,64,1.99,0,0,0,0,4
,m_2729,712250,6,64,,,,0,0,20
,m_2729,712710,6,64,1.4,0,0,0,0,9
,m_2729,712910,5,65,1.26,0,0,0,0,3
,m_2729,713460,6,65,1.72,0,0,0,0,5
,m_2729,714310,7,65,1.67,0,0,0,0,2
,m_2729,714630,6,65,1.22,0,0,0,0,6
,m_2729,714670,6,65,1.86,0,0,0,0,6
,m_2729,716680,7,65,1.25,0,0,0,0,4
,m_2729,717410,8,65,1.54,0,0,0,0,20
,m_2729,718690,9,66,1.35,0,0,0,0,11
,m_2729,721200,8,66,1.5,0,0,0,0,4
,m_2729,722760,9,66,1.29,0,0,0,0,26
,m_2729,723000,8,65,1.43,0,0,0,0,21
,m_2729,723550,10,65,1.34,0,0,0,0,15
,m_2729,724250,11,65,1.98,0,1,0,0,14
,m_2729,724840,8,66,1.53,0,0,0,0,11
,m_2729,725100,9,66,1.25,0,0,0,0,10
,m_2729,725720,10,65,1.32,0.01,0,0,0,21
,m_2729,726130,12,66,1.47,0,0,0,0,10
,m_2729,727370,10,66,1.19,0,0,0,0,5
,m_2729,727520,10,66,1.44,0,0,0,0,4
,m_2729,728070,12,66,1.31,0,0,0,0,14
,m_2729,728550,10,66,1.37,0,0,0,0,7
,m_2729,730930,10,66,1.46,0,0,0,0,9
,m_2729,732720,10,66,1.41,0,1,0,0,4
,m_2729,733580,10,67,1.16,0,0,0,0,4
,m_2729,733600,11,67,1.14,0,0,0,0,4
,m_2729,733980,9,66,1.19,0,0,0,0,4
,m_2729,734440,9,67,1.21,0,0,0,0,8
,m_2729,735450,9,66,1.4,0,0,0.01,0,6
,m_2729,736390,12,67,2.07,0,0,0.01,0,3
,m_2729,737370,8,68,1.27,0.01,0,0.01,0,4
,m_2729,737820,9,67,1.36,0.01,0,0.01,0,2
,m_2729,738200,9,67,1.49,0.01,0,0.01,0,1
,m_2729,738420,9,67,2.4,0,0,0.01,0,2
,m_2729,739660,10,68,1.34,0,0,0.01,0,2
,m_2729,740170,11,68,1.47,0,0,0.01,0,2
,m_2729,740960,10,68,1.78,0.01,0,0.01,0,1
,m_2729,741520,10,68,1.35,0,0,0.01,0,2
,m_2729,742230,10,68,1.65,0.01,0,0.01,0,2
,m_2729,742410,9,67,1.75,0.01,0,0.01,0,2
,m_2729,742470,10,67,1.15,0.01,0,0.01,0,2
,m_2729,742600,11,68,1.23,0,0,0.01,0,2
,m_2729,744180,11,69,2.07,0.01,0,0.01,0,2
,m_2729,744280,9,69,1.15,0.01,0,0.01,0,2
,m_2729,744330,10,69,1.46,0,0,0.01,0,2
,m_2729,744520,11,68,1.52,0,0,0.01,0.01,3
,m_2729,745840,10,68,1.36,0.01,0,0.01,0.01,6
,m_2729,747450,10,68,1.42,0.02,0,0.01,0.01,2
,m_2729,747730,10,68,1.24,0,0,0.01,0.01,2
,m_2729,748250,9,68,1.55,0.01,0,0.01,0.01,2
,m_2729,749540,10,68,1.23,0,0,0.01,0.01,5
,m_2729,749800,11,69,1.43,0,0,0.01,0.01,4
,m_2729,751090,10,69,1.33,0,0,0.01,0.01,3
,m_2729,751360,9,70,1.48,0,0,0.01,0.01,3
,m_2729,752170,11,69,,,,0.01,0.01,3
,m_2729,752500,10,69,1.16,0,0,0.01,0.01,2
,m_2729,752530,9,69,1.25,0.02,0,0.01,0.01,2
,m_2729,753310,12,70,1.45,0,0,0.01,0.01,8
,m_2729,753500,9,70,1.37,0,0,0.01,0.01,9
,m_2729,753780,9,70,1.51,0,0,0.01,0.01,2
,m_2729,754140,9,71,1.29,0,0,0.01,0.01,3
,m_2729,754320,9,69,1.65,0.01,0,0.01,0.01,6
,m_2729,755490,9,70,1.31,0,0,0.01,0.01,4
,m_2729,755820,10,70,1.44,0,0,0.01,0.01,9
,m_2729,758510,8,71,1.16,0,0,0.01,0.01,2
,m_2729,758820,8,71,1.17,0,0,0.01,0.01,2
,m_2729,758900,7,71,1.33,0.01,0,0.01,0.01,2
,m_2729,759270,8,71,2.7,0,0,0.01,0.01,2
,m_2729,759680,9,71,1.29,0.01,0,0.01,0.01,3
,m_2729,759860,7,71,,,,0.01,0.01,3
,m_2729,759930,8,71,1.31,0,0,0.01,0.01,2
,m_2729,760410,9,70,1.58,0,0,0.01,0.01,5
,m_2729,760450,9,70,1.44,0,0,0.01,0.01,2
,m_2729,760820,9,70,2.1,0,0,0.01,0.01,2
,m_2729,760930,9,70,1.38,0,0,0.01,0.01,3
,m_2729,761140,9,70,1.18,0,0,0.01,0.01,2
,m_2729,761720,8,70,2.08,0.01,0,0.01,0.01,3
,m_2729,761770,9,70,1.3,0,0,0.01,0.01,3
,m_2729,764260,8,70,1.39,0,0,0.01,0.01,2
,m_2729,766020,8,71,1.29,0,0,0.01,0.01,4
,m_2729,766720,8,70,1.21,0,0,0.01,0.01,2
,m_2729,766820,7,70,1.51,0.02,0,0.01,0.01,1
,m_2729,767350,10,70,1.28,0,0,0.01,0.01,2
,m_2729,767440,9,70,1.22,0.01,0,0.01,0.01,1
,m_2729,767480,10,70,1.32,0,0,0.01,0.01,2
,m_2729,767520,8,70,1.65,0,0,0.01,0.01,3
,m_2729,767610,8,71,1.27,0,0,0.01,0.01,2
,m_2729,768560,7,71,1.32,0.01,0,0.01,0.01,1
,m_2729,771020,9,71,1.28,0,0,0.01,0.01,2
,m_2729,772080,9,70,1.16,0,0,0.01,0.01,1
,m_2729,772300,8,70,1.29,0.01,0,0.01,0.01,3
,m_2729,773070,8,71,1.28,0,0,0.01,0.01,1
,m_2729,774320,9,72,1.41,0,0,0.01,0.01,1
,m_2729,774790,10,72,1.43,0,0,0.01,0.01,2
,m_2729,775530,7,71,1.33,0,0,0.01,0.01,1
,m_2729,776420,9,71,1.31,0.01,0,0.01,0.01,1
,m_2729,776920,7,71,1.38,0,0,0.01,0.01,1
,m_279,696180,19,42,1.03,0.99,0,0,0,3
,m_279,696200,16,42,1.11,0.47,0,0,0,3
,m_279,696410,8,65,1.07,0.49,0,0,0,9
,m_279,696520,12,71,1.08,0.49,0,0,0,4
,m_279,697130,1,77,1.18,0,0,0,0,4
,m_279,697350,5,78,1.26,0.02,0,0,0,3
,m_279,697370,2,78,1.33,0,1,0,0,3
,m_279,697410,1,78,1.28,0,0,0,0,3
,m_279,697760,1,78,1.24,0,0,0,0,2
,m_279,698560,2,79,1.03,0,0,0,0,4
,m_279,698720,2,79,1.34,0,0,0,0,3
,m_279,699690,1,80,1.21,0.01,0,0,0,5
,m_279,701020,2,80,1.29,0,0,0,0,8
,m_279,701320,2,80,1.26,0,0,0,0,
,m_279,702180,1,81,1.23,0,0,0,0,7
,m_279,703820,2,81,1.12,0,0,0,0,5
,m_279,704210,1,81,,,,0,0,7
,m_279,704500,1,81,1.28,0,0,0,0,14
,m_279,704910,1,82,0.96,0,0,0,0,7
,m_279,705000,1,82,1.3,0,0,0,0,6
,m_279,705220,2,82,1.29,0,0,0,0,7
,m_279,705630,1,82,1.16,0,0,0,0,7
,m_279,706680,2,82,1.35,0,0,0,0,17
,m_279,707850,2,83,1.33,0,0,0,0,11
,m_279,707980,2,83,1.36,0,0,0,0,6
,m_279,708460,2,84,1.33,0,1,0,0,7
,m_279,708570,2,84,1.31,0,0,0,0,6
,m_279,709600,2,84,1.24,0,0,0,0,12
,m_279,709770,2,84,1.25,0,0,0,0,14
,m_279,710370,1,84,0.97,0,0,0,0,6
,m_279,711540,2,84,1.3,0,0,0,0,19
,m_279,711640,10,92,1.1,0,0,0,0,12
,m_279,711820,2,90,1.12,0,0,0,0,9
,m_279,712130,1,90,1.21,0.01,0,0,0,5
,m_279,712140,1,90,1.11,0,0,0,0,7
,m_279,713540,2,93,0.83,0,0,0,0,7
,m_279,714510,2,93,1.06,0,0,0,0,7
,m_279,716520,2,93,1.18,0,0,0,0,15
,m_279,717390,2,92,1.23,0,0,0,0,4
,m_279,717800,2,92,1.19,0,0,0,0,23
,m_279,717810,3,92,1.22,0,0,0,0,23
,m_279,718460,2,92,1.23,0,0,0,0,8
,m_279,718730,2,92,1.24,0,1,0,0,15
,m_279,718750,3,92,1.25,0,1,0,0,21
,m_279,718820,2,92,1.05,0,0,0,0,27
,m_279,718920,2,92,1.28,0,0,0,0,18
,m_279,719030,2,92,1.23,0,0,0,0,15
,m_279,719890,2,92,0.9,0.05,0,0,0,10
,m_279,720740,3,92,1.3,0.01,0,0,0,11
,m_279,721060,3,92,1.17,0.01,0,0,0,7
,m_279,721170,2,92,1.32,0,0,0,0,4
,m_279,721190,3,92,1.3,0,0,0,0,4
,m_279,721600,4,92,1.48,0,1,0,0,9
,m_279,721680,3,92,1.63,0,1,0,0,12
,m_279,722230,6,93,1.31,0,1,0,0,12
,m_279,722580,6,93,1.24,0,0,0,0,7
,m_279,723100,5,94,1.21,0.05,0,0,0,10
,m_279,723350,7,95,1.31,0.04,0,0,0,10
,m_279,723450,5,95,1.31,0.01,0,0,0,9
,m_279,723580,10,96,0.92,0.03,0,0,0,9
,m_279,724090,8,97,1.18,0.03,0,0,0,12
,m_279,725160,13,100,1.39,0.04,0,0,0,13
,m_279,725320,12,99,1.44,0.03,0,0,0,10
,m_279,725360,7,100,1.43,0,0,0,0,10
,m_279,725650,7,100,2.28,0.01,1,0,0,8
,m_279,725870,8,100,2.13,0,0,0,0,11
,m_279,726050,8,100,1.12,0.07,0,0,0,17
,m_279,726250,9,99,1.83,0,1,0,0,11
,m_279,726850,8,100,1.69,0,0,0,0,14
,m_279,727910,8,100,1.34,0.05,0,0,0,11
,m_279,728390,6,100,1.59,0.01,0,0,0,7
,m_279,728470,10,100,1.68,0.04,0,0,0,9
,m_279,729990,7,99,1.25,0.01,0,0,0,6
,m_279,730740,6,100,1.54,0.01,1,0,0,10
,m_279,731840,9,100,1.21,0.05,0,0,0,11
,m_279,732670,8,99,1.27,0.02,1,0,0,10
,m_279,733020,5,100,1.42,0.04,1,0,0,7
,m_279,733300,7,100,1.39,0,1,0,0,5
,m_279,733690,7,100,1.4,0.01,1,0,0,6
,m_279,734390,6,99,1.37,0.01,1,0,0,6
,m_279,735140,7,100,2.25,0.01,1,0,0,4
,m_279,735780,6,100,1.9,0,0,0,0,4
,m_279,735920,5,100,2.05,0,1,0,0,3
,m_279,736300,6,100,2.45,0,0,0,0,3
,m_279,736830,4,99,1.87,0,0,0,0,3
,m_279,736960,5,100,3.01,0,0,0,0,5
,m_279,737310,4,100,2.04,0,0,0,0,5
,m_279,737700,4,100,2.35,0,0,0,0,3
,m_279,738460,7,100,1.81,0,0,0,0,3
,m_279,738870,7,99,2.36,0.01,0,0,0,7
,m_279,739860,7,100,2.39,0,0,0,0,3
,m_279,740070,6,100,2.15,0,0,0,0,7
,m_279,740200,7,100,2.26,0,0,0,0,3
,m_279,740450,8,100,1.98,0,0,0,0.01,2
,m_279,740590,7,99,1.99,0,0,0,0.01,4
,m_279,741390,8,99,2.39,0,0,0,0.01,2
,m_279,741610,10,100,2.54,0.01,0,0,0.01,3
,m_279,741650,8,99,2.04,0,0,0,0.01,3
,m_279,742490,9,100,2.31,0.01,0,0,0.01,1
,m_279,742710,9,100,2.46,0,0,0,0.01,4
,m_279,743610,11,100,1.79,0,0,0,0.01,4
,m_279,743780,9,99,2.19,0,0,0,0.01,4
,m_279,745510,8,100,1.92,0,0,0,0.01,7
,m_279,745900,7,100,1.72,0,0,0,0.01,7
,m_279,746070,7,100,1.3,0.02,0,0,0.01,9
,m_279,747420,6,99,2.46,0,0,0,0.01,29
,m_279,749370,7,99,1.2,0.01,0,0.01,0.01,3
,m_279,749550,8,100,1.23,0.02,0,0.01,0.01,3
,m_279,750230,8,100,1.35,0.02,1,0.01,0.01,2
,m_279,752070,12,100,1.28,0.01,0,0.01,0.01,4
,m_279,752300,9,100,,,,0.01,0.01,3
,m_279,752330,19,100,1.33,0.01,0,0.01,0.01,3
,m_279,752760,8,100,1.25,0.02,0,0.01,0.01,10
,m_279,753350,9,99,1.41,0.01,0,0.01,0.01,8
,m_279,754030,10,99,,,,0.01,0.01,4
,m_279,754250,8,100,1.29,0.01,0,0.01,0.01,8
,m_279,755680,10,99,1.29,0.01,0,0.01,0.01,4
,m_279,755780,9,100,1.32,0.01,0,0.01,0.01,3
,m_279,756130,7,100,1.11,0.03,0,0.01,0.01,3
,m_279,756330,6,99,1.34,0.16,0,0.01,0.01,3
,m_279,758110,7,99,2.29,0,0,0.01,0.01,5
,m_279,758310,5,100,2.81,0,0,0.01,0.01,4
,m_279,759310,5,99,2.62,0,0,0.01,0.01,4
,m_279,760170,4,100,1.88,0,0,0.01,0.01,7
,m_279,760270,5,99,2.58,0,0,0.01,0.01,9
,m_279,760700,5,100,2.16,0,0,0.01,0.01,18
,m_279,761700,4,98,3.01,0,0,0.01,0.01,9
,m_279,762070,5,99,2.55,0,0,0.01,0.01,6
,m_279,762700,5,100,2.33,0,0,0.01,0.01,4
,m_279,765960,4,99,2.17,0,0,0.01,0.01,4
,m_279,766320,6,100,2.59,0,0,0.01,0.01,3
,m_279,766420,4,99,,,,0.01,0.01,5
,m_279,766510,5,99,2.06,0,0,0.01,0.01,3
,m_279,767100,3,99,2.12,0,0,0.01,0.01,4
,m_279,767180,3,99,1.98,0,0,0.01,0.01,5
,m_279,767510,3,100,2.37,0,0,0.01,0.01,3
,m_279,767640,3,100,3,0,0,0.01,0.01,3
,m_279,767780,4,99,2.17,0,0,0.01,0.01,3
,m_279,768230,6,100,1.73,0,0,0.01,0.01,7
,m_279,768520,6,100,2.03,0.02,0,0.01,0.01,2
,m_279,769190,4,99,2.02,0,0,0.01,0.01,3
,m_279,769470,5,99,2.37,0,0,0.01,0.01,5
,m_279,769770,4,100,2.69,0,0,0.01,0.01,4
,m_279,770450,4,100,2.58,0,0,0.01,0.01,10
,m_279,770880,5,100,2.68,0,0,0.01,0.01,9
,m_279,771980,4,100,3.14,0,0,0.01,0.01,3
,m_279,772080,3,100,1.38,0,0,0.01,0.01,2
,m_279,772270,6,99,1.28,0.01,0,0.01,0.01,6
,m_279,772550,5,100,2.01,0,0,0.01,0.01,3
,m_279,772840,5,100,2.62,0,0,0.01,0.01,4
,m_279,773200,4,100,2.63,0,0,0.01,0.01,2
,m_279,773220,4,100,2.59,0.01,0,0.01,0.01,3
,m_279,773390,3,100,2.67,0,0,0.01,0.01,2
,m_279,773720,3,100,3.15,0,0,0.01,0.01,6
,m_279,774890,24,44,1.05,0.64,0,0,0,
,m_279,776110,7,73,1.35,0,0,0,0,2
,m_279,776410,9,75,1.31,0.05,0,0,0,2
,m_279,776580,5,76,1.44,0.03,1,0,0,2
,m_279,777440,2,78,1.97,0,1,0,0,2
,m_2833,696560,1,29,1.09,0,0,0,0,7
,m_2833,696610,3,29,1.28,0,0,0,0,7
,m_2833,697610,1,25,1.15,0,0,0,0,50
,m_2833,697830,1,25,1.3,0,0,0,0,36
,m_2833,698460,1,25,1.15,0,0,0,0,4
,m_2833,699550,2,26,1.41,0,0,0,0,8
,m_2833,700510,2,26,1.24,0,0,0,0,2
,m_2833,700540,1,26,1.11,0,0,0,0,2
,m_2833,703130,1,26,1.55,0,0,0,0,9
,m_2833,703230,1,26,1.93,0,0,0,0,4
,m_2833,703850,1,26,1.19,0,0,0,0,9
,m_2833,703960,1,26,1.79,0,2,0,0,12
,m_2833,704140,1,26,1.87,0,0,0,0,18
,m_2833,704740,1,26,1.52,0,1,0,0,12
,m_2833,707930,1,26,2.15,0,0,0,0,23
,m_2833,709860,1,26,1.7,0,0,0,0,7
,m_2833,710620,1,26,1.99,0,0,0,0,9
,m_2833,712320,1,26,2.26,0,0,0,0,9
,m_2833,712440,1,26,2.01,0,0,0,0,6
,m_2833,712700,1,26,1.93,0,0,0,0,12
,m_2833,712710,1,26,1.52,0,0,0,0,12
,m_2833,713130,1,26,1.47,0,0,0,0,4
,m_2833,713620,1,26,1.33,0,0,0,0,5
,m_2833,714050,1,26,1.17,0,0,0,0,5
,m_2833,714250,2,26,1.41,0,0,0,0,4
,m_2833,714390,1,26,1.24,0,0,0,0,5
,m_2833,714940,1,26,1.93,0,0,0,0,6
,m_2833,715110,1,26,1.45,0,0,0,0,4
,m_2833,716470,2,26,1.77,0,0,0,0,9
,m_2833,716800,1,26,1.82,0,0,0,0,10
,m_2833,717070,2,26,1.41,0,0,0,0,8
,m_2833,717510,1,26,1.75,0,0,0,0,15
,m_2833,717560,1,26,1.79,0,0,0,0,9
,m_2833,719300,1,26,1.41,0,1,0,0,32
,m_2833,719380,1,26,1.26,0,0,0,0,26
,m_2833,721260,1,26,1.2,0,0,0,0,7
,m_2833,721350,1,26,1.04,0,0,0,0,2
,m_2833,721750,2,26,1.2,0,0,0,0,28
,m_2833,722510,1,26,0.96,0,0,0,0,18
,m_2833,723450,1,26,1.6,0,1,0,0,11
,m_2833,723920,1,26,1.21,0,1,0,0,34
,m_2833,724240,1,26,1.22,0,0,0,0,21
,m_2833,725540,1,26,2.26,0,1,0,0,14
,m_2833,725870,1,26,1.68,0,0,0,0,8
,m_2833,726220,1,26,1.46,0,1,0,0,16
,m_2833,726350,1,26,1.84,0,1,0,0,8
,m_2833,727140,1,26,,,,0,0,10
,m_2833,727560,1,26,2.03,0,0,0,0,17
,m_2833,727800,1,26,1.47,0,1,0,0,13
,m_2833,727920,1,27,1.59,0,0,0,0,9
,m_2833,731510,1,27,1.26,0,0,0,0,8
,m_2833,732730,2,27,1.19,0,0,0,0,10
,m_2833,733050,1,27,1.5,0,1,0,0,12
,m_2833,733120,1,27,1.09,0,0,0,0,10
,m_2833,733290,1,27,1.44,0,1,0,0,9
,m_2833,733390,2,27,1.07,0,0,0,0,8
,m_2833,733710,1,27,1.41,0,1,0,0,10
,m_2833,734050,2,27,1.16,0,0,0,0,5
,m_2833,734930,1,27,1.17,0,0,0,0,8
,m_2833,735520,1,27,1.29,0,0,0,0,12
,m_2833,736150,2,26,1.39,0,0,0,0,7
,m_2833,736630,2,26,1.49,0,1,0,0,4
,m_2833,737690,1,26,,,,0,0,4
,m_2833,738090,1,26,1.21,0,1,0,0,3
,m_2833,739930,2,26,1.19,0,0,0,0,6
,m_2833,740810,1,27,1.36,0,0,0,0,4
,m_2833,741350,1,27,1.26,0,0,0,0,4
,m_2833,741870,1,27,1,0,0,0,0,8
,m_2833,741890,1,27,1.32,0,1,0,0,8
,m_2833,742140,1,26,1.23,0,0,0,0,12
,m_2833,742240,1,26,1.2,0,0,0,0,3
,m_2833,743200,1,26,1.16,0,0,0,0,8
,m_2833,744280,1,26,1.26,0,0,0,0,3
,m_2833,744450,1,26,0.98,0,0,0,0,17
,m_2833,744930,1,26,1.06,0,0,0,0,10
,m_2833,745120,1,26,1.27,0,0,0,0,9
,m_2833,745150,2,26,1.13,0,0,0,0,8
,m_2833,745400,1,26,1.08,0,0,0,0,4
,m_2833,745520,1,26,1.02,0,0,0,0,6
,m_2833,746550,1,26,1.24,0,0,0,0,4
,m_2833,746570,1,26,1.17,0,0,0,0,4
,m_2833,747620,1,26,,,,0,0,7
,m_2833,747710,1,26,1.4,0,1,0,0,7
,m_2833,748470,1,26,1.36,0,0,0,0,5
,m_2833,748880,1,26,1.22,0,0,0,0,4
,m_2833,749870,1,26,1.17,0,0,0,0,9
,m_2833,750430,2,26,1.58,0,1,0,0,5
,m_2833,750570,1,26,1.26,0,0,0,0,4
,m_2833,750890,1,26,1.16,0,0,0,0,3
,m_2833,751330,2,26,1.18,0,0,0,0,13
,m_2833,751380,1,26,1.04,0,0,0,0,7
,m_2833,751470,1,26,1.34,0,1,0,0,5
,m_2833,751740,1,26,1.22,0,0,0,0,2
,m_2833,754860,1,26,1.22,0,0,0,0,9
,m_2833,754910,1,26,1.36,0,1,0,0,9
,m_2833,755400,1,26,1.61,0,1,0,0,10
,m_2833,755550,1,26,1.23,0,0,0,0,6
,m_2833,756750,1,26,2.53,0,0,0,0,3
,m_2833,757020,1,26,1.23,0,0,0,0,3
,m_2833,757050,1,26,1.5,0,1,0,0,3
,m_2833,757310,1,26,2.94,0,0,0,0,3
,m_2833,757740,1,26,1.27,0,0,0,0,5
,m_2833,758030,1,26,3.5,0,1,0,0,8
,m_2833,758050,2,26,1.46,0,0,0,0,3
,m_2833,758500,1,26,1.44,0,0,0,0,3
,m_2833,759550,2,26,1.56,0,0,0,0,3
,m_2833,759770,1,26,1.13,0,0,0,0,2
,m_2833,759830,1,26,2.69,0,0,0,0,4
,m_2833,759950,1,26,1.64,0,0,0,0,3
,m_2833,759960,1,26,1.77,0,0,0,0,5
,m_2833,760410,1,26,2.07,0,1,0,0,8
,m_2833,760760,1,26,1.88,0,0,0,0,3
,m_2833,761560,1,26,1.77,0,0,0,0,9
,m_2833,763140,1,26,1.77,0,1,0,0,3
,m_2833,763810,2,26,2.33,0,0,0,0,12
,m_2833,764150,1,26,1.84,0,0,0,0,28
,m_2833,766860,1,25,1.71,0,0,0,0,5
,m_2833,767720,1,25,1.7,0,0,0,0,3
,m_2833,767800,1,25,1.99,0,0,0,0,2
,m_2833,767820,1,25,2.78,0,0,0,0,4
,m_2833,768550,2,25,1.43,0,0,0,0,3
,m_2833,768860,1,25,2.36,0,0,0,0,5
,m_2833,768880,3,25,1.72,0,0,0,0,5
,m_2833,769090,2,25,1.31,0,0,0,0,4
,m_2833,769810,2,25,1.1,0,0,0,0,8
,m_2833,770360,1,25,1.55,0,0,0,0,4
,m_2833,770570,1,25,2.56,0,0,0,0,7
,m_2833,770670,1,25,1.7,0,0,0,0,5
,m_2833,771430,2,26,2.49,0,0,0,0,3
,m_2833,771770,1,25,2.18,0,0,0,0,2
,m_2833,771980,1,25,2.32,0,0,0,0,4
,m_2833,772500,1,25,3.24,0,0,0,0,4
,m_2833,773170,2,25,3.27,0,0,0,0,4
,m_2833,773660,1,25,2.68,0,1,0,0,3
,m_2833,773750,1,25,1.72,0,0,0,0,5
,m_2833,773800,1,25,2.62,0,0,0,0,6
,m_2833,774960,1,25,1.67,0,0,0,0,4
,m_2833,775440,1,25,,,,0,0,2
,m_2833,776830,2,25,2.8,0,0,0,0,8
,m_2833,776870,1,25,2.28,0,1,0,0,8
,m_2855,696330,10,55,1.11,0.12,0,0,0,3
,m_2855,697130,2,60,1.29,0.02,0,0,0,6
,m_2855,697280,3,60,1.11,0.01,0,0,0,4
,m_2855,697320,2,60,1.16,0.01,0,0,0,3
,m_2855,698380,5,63,1.14,0.01,0,0,0,2
,m_2855,699640,7,64,1.07,0,0,0,0,11
,m_2855,699910,6,64,1.27,0,0,0,0,16
,m_2855,700820,7,65,,,,0,0,7
,m_2855,700940,3,65,1.28,0,0,0,0,24
,m_2855,701180,3,66,1.14,0.01,0,0,0,18
,m_2855,703830,3,67,1.06,0,0,0,0,13
,m_2855,704230,5,67,1.05,0,0,0,0,5
,m_2855,705830,6,68,0.95,0,0,0,0,8
,m_2855,706280,3,68,2.07,0,1,0,0,32
,m_2855,706300,5,68,1.72,0,0,0,0,32
,m_2855,707480,3,68,1.47,0.06,0,0,0,
,m_2855,709070,3,69,1.22,0,0,0,0,8
,m_2855,709170,3,69,1.2,0,0,0,0,7
,m_2855,711380,3,70,1.19,0.01,0,0,0,14
,m_2855,712050,4,70,1.28,0,0,0,0,3
,m_2855,713440,4,71,1.04,0,1,0,0,4
,m_2855,715460,4,71,1.13,0.02,0,0,0,
,m_2855,716140,3,72,1.18,0.01,0,0,0,17
,m_2855,716920,6,72,1.43,0.01,0,0,0,12
,m_2855,719290,5,73,1.33,0.01,0,0,0,8
,m_2855,719850,2,73,1.47,0,1,0,0,10
,m_2855,722920,4,75,1.08,0,0,0,0,27
,m_2855,723620,11,75,1.44,0.01,0,0,0,11
,m_2855,724700,10,75,1.27,0.05,0,0,0,16
,m_2855,724860,13,75,1.31,0.1,0,0,0,13
,m_2855,724940,9,75,1.21,0.06,0,0,0,15
,m_2855,725090,15,76,,,,0,0,44
,m_2855,725420,7,75,1.37,0,0,0,0,8
,m_2855,725930,13,76,1.42,0.13,0,0,0,8
,m_2855,726140,15,77,1.46,0.01,0,0,0,12
,m_2855,726980,8,77,1.04,0.05,0,0,0,7
,m_2855,727520,9,77,1.37,0.02,0,0,0,7
,m_2855,727600,13,77,,,,0,0,16
,m_2855,727980,14,77,1.36,0.04,0,0,0,20
,m_2855,728230,7,77,,,,0,0,10
,m_2855,728390,9,76,1.29,0.01,1,0,0,22
,m_2855,730620,12,78,1.41,0.1,1,0,0,21
,m_2855,732130,12,78,1.32,0.04,0,0,0,23
,m_2855,732750,14,79,1.07,0.02,0,0,0,10
,m_2855,733550,5,79,1.22,0.04,0,0,0,4
,m_2855,733970,15,80,1.23,0.03,0,0,0,15
,m_2855,734210,5,79,1.04,0.04,0,0,0,6
,m_2855,735550,22,80,1.34,0.08,1,0,0,14
,m_2855,736430,4,81,1.13,0.03,0,0,0,2
,m_2855,736440,8,81,1.19,0,0,0,0,2
,m_2855,736670,4,81,1.03,0.03,0,0,0,2
,m_2855,737630,5,80,1.34,0.01,0,0,0,4
,m_2855,738360,14,81,1.25,0.02,0,0,0,4
,m_2855,739640,13,81,1.38,0.1,1,0,0,2
,m_2855,740110,16,82,1.23,0.19,0,0,0,3
,m_2855,741690,7,83,1.14,0.02,0,0,0,3
,m_2855,742470,27,83,1.18,0.08,1,0,0,3
,m_2855,743730,17,82,1.24,0.16,0,0,0,4
,m_2855,743930,10,81,1.25,0.12,0,0,0,2
,m_2855,744230,6,82,1.23,0.05,0,0,0,6
,m_2855,745720,13,83,1.29,0.02,0,0.01,0,4
,m_2855,746010,15,83,1.35,0.08,0,0.01,0,3
,m_2855,746550,23,83,1.47,0.11,0,0.01,0,4
,m_2855,749680,32,84,1.24,0.18,1,0.01,0,3
,m_2855,750700,9,85,1.37,0.03,0,0.01,0,3
,m_2855,751730,8,84,1.4,0.13,0,0.01,0,2
,m_2855,752750,8,85,1.32,0.03,0,0.01,0,8
,m_2855,752980,17,85,1.17,0.07,0,0.01,0,2
,m_2855,753230,13,86,1.36,0.04,0,0.01,0,3
,m_2855,754040,6,86,1.4,0.03,1,0.01,0,2
,m_2855,754420,12,87,1.25,0.05,0,0.01,0,7
,m_2855,754490,9,87,1.24,0.06,1,0.01,0,11
,m_2855,754950,4,87,1.48,0,1,0.01,0,6
,m_2855,754980,8,87,1.21,0.12,0,0.01,0,5
,m_2855,755190,13,87,1.3,0.07,1,0.01,0,5
,m_2855,755410,8,87,1.42,0.03,0,0.01,0,10
,m_2855,755610,9,86,1.4,0.03,0,0.01,0,11
,m_2855,756760,3,87,1.93,0,1,0.01,0,1
,m_2855,756880,25,87,1.2,0.42,1,0.01,0,2
,m_2855,756990,9,87,1.3,0.09,0,0.01,0,5
,m_2855,757100,2,87,1.49,0.02,0,0.01,0,4
,m_2855,757380,3,87,1.25,0,0,0.01,0,2
,m_2855,758330,5,88,1.19,0.12,0,0.01,0,7
,m_2855,758450,8,88,1.24,0.09,0,0.01,0,3
,m_2855,759220,8,88,1.29,0.08,1,0.01,0,2
,m_2855,760310,5,88,1.16,0.03,0,0.01,0,6
,m_2855,762250,7,88,1.55,0.03,0,0.01,0,6
,m_2855,763970,5,88,1.21,0.01,0,0.01,0,12
,m_2855,764210,8,88,1.43,0.01,0,0.01,0,9
,m_2855,764220,16,88,1.51,0.02,0,0.01,0,5
,m_2855,764920,3,88,1.61,0,1,0.01,0,5
,m_2855,766520,6,89,1.23,0.11,0,0.01,0,9
,m_2855,766750,8,89,1.59,0,1,0.01,0,4
,m_2855,767300,9,90,1.15,0.01,0,0.01,0,6
,m_2855,767470,11,90,1.35,0.04,0,0.01,0,5
,m_2855,767710,12,90,1.16,0.41,0,0.01,0,4
,m_2855,768120,9,90,1.37,0.01,0,0.01,0,9
,m_2855,768920,5,90,1.34,0.01,0,0.01,0,1
,m_2855,769270,9,91,1.12,0.03,0,0.01,0,4
,m_2855,770020,10,90,1.22,0.02,0,0.01,0,5
,m_2855,771210,14,89,1.34,0,0,0.01,0,4
,m_2855,771430,5,89,1.29,0.12,0,0.01,0,5
,m_2855,771600,6,89,1.2,0.05,0,0.01,0,3
,m_2855,771770,5,90,1.15,0,0,0.01,0,3
,m_2855,771840,4,90,1.22,0.02,0,0.01,0,1
,m_2855,772310,4,89,1.15,0,0,0.01,0,5
,m_2855,772350,2,90,1.31,0.02,0,0.01,0,4
,m_2855,772700,2,90,1.37,0,0,0.01,0,2
,m_2855,772750,4,90,1.35,0,0,0.01,0,2
,m_2855,772980,10,90,1.28,0.06,0,0.01,0,3
,m_2855,773620,8,90,1.36,0.04,1,0.01,0.01,1
,m_2855,773840,2,91,1.46,0.01,0,0.01,0.01,1
,m_2855,774710,9,91,1.26,0.11,0,0.01,0.01,6
,m_2855,774750,8,91,1.11,0.01,0,0.01,0.01,3
,m_2855,775700,3,91,1.47,0.03,0,0.01,0.01,2
,m_2855,776060,10,92,0.99,0.09,0,0.01,0.01,3
,m_2855,776590,6,92,1.43,0,0,0.01,0.01,2
,m_2855,776750,2,92,1.52,0,0,0.01,0.01,2
,m_2855,777070,4,92,1.27,0,0,0.01,0.01,2
,m_2855,777450,6,93,1.31,0,0,0.01,0.01,3
,m_2855,777470,5,93,1.24,0,0,0.01,0.01,3
,m_2984,696320,14,77,1.31,0.45,0,0,0,1
,m_2984,697730,5,85,1.42,0.12,0,0,0,1
,m_2984,698460,7,87,1.4,0.1,0,0,0,1
,m_2984,698780,5,88,1.41,0.14,0,0,0,1
,m_2984,701670,9,93,1.43,0.19,0,0,0,1
,m_2984,701760,6,93,1.43,0.12,0,0,0,1
,m_2984,702320,5,94,1.5,0.14,0,0,0,1
,m_2984,703260,9,96,1.39,0.09,0,0,0,1
,m_2984,703820,5,93,1.46,0.12,0,0,0,1
,m_2984,704540,8,95,1.42,0.15,0,0,0,1
,m_2984,704610,6,94,1.35,0.16,0,0,0,1
,m_2984,706010,8,97,1.31,0.26,0,0,0,1
,m_2984,706910,5,98,,,,0,0,1
,m_2984,710650,10,100,1.34,0.16,0,0,0,1
,m_2984,711360,7,100,1.38,0.1,0,0,0,1
,m_2984,711510,7,99,1.48,0.15,0,0,0,1
,m_2984,711520,6,99,1.33,0.11,0,0,0,1
,m_2984,711820,6,100,1.44,0.15,0,0,0,1
,m_2984,712750,10,99,1.43,0.08,0,0,0,1
,m_2984,713200,6,99,1.3,0.24,0,0,0,1
,m_2984,713830,11,100,1.33,0.15,0,0,0,1
,m_2984,715380,7,100,1.33,0.25,0,0,0,1
,m_2984,717930,7,99,1.49,0.13,0,0,0,1
,m_2984,717940,7,99,1.38,0.14,0,0,0,1
,m_2984,721420,6,100,1.36,0.2,0,0,0,1
,m_2984,721820,7,98,1.43,0.22,0,0,0,1
,m_2984,721860,8,99,1.44,0.13,0,0,0,1
,m_2984,722010,8,99,1.39,0.08,0,0,0,1
,m_2984,724140,8,100,1.47,0.2,0,0,0,1
,m_2984,725890,14,100,1.32,0.33,0,0,0,
