m_1932,386640,41,92,,,43.04,33.08,5
m_1932,386670,43,92,,,43.04,33.08,5
m_1932,386690,44,92,,,43.05,33.08,5
m_1932,386800,46,92,,,43.05,33.08,3
m_1932,386930,44,93,,,43.05,33.09,4
m_1932,387000,41,93,,,43.05,33.09,4
m_1932,387090,46,93,,,43.05,33.09,3
m_1932,387170,47,93,,,43.05,33.09,4
m_1932,387180,46,93,,,43.05,33.09,3
m_1932,387200,46,93,,,43.05,33.09,3
m_1932,387530,46,93,,,43.06,33.1,5
m_1932,387610,73,97,,,43.06,33.1,7
m_1932,387690,75,97,,,43.06,33.1,5
m_1932,387840,68,96,,,43.07,33.1,3
m_1932,387900,71,96,,,43.07,33.1,5
m_1932,387950,68,96,,,43.07,33.1,5
m_1932,387990,66,96,,,43.07,33.1,4
m_1932,388050,55,96,,,43.07,33.11,2
m_1932,388160,52,97,,,43.07,33.11,5
m_1932,388170,53,96,,,43.07,33.11,5
m_1932,388260,41,83,,,43.07,33.11,3
m_1932,388330,37,83,,,43.08,33.11,4
m_1932,388340,36,83,,,43.08,33.11,4
m_1932,388500,35,83,,,43.08,33.11,6
m_1932,388620,35,84,,,43.08,33.12,3
m_1932,388650,32,83,,,43.08,33.12,3
m_1932,388730,37,83,,,43.08,33.12,3
m_1932,388770,34,83,,,43.08,33.12,2
m_1932,388780,30,83,,,43.08,33.12,2
m_1932,388790,31,83,,,43.08,33.12,2
m_1932,388870,38,85,,,43.08,33.12,4
m_1932,388900,35,84,,,43.09,33.12,4
m_1932,389010,47,86,,,43.09,33.12,4
m_1932,389100,49,88,,,43.09,33.12,8
m_1932,389120,46,86,,,43.09,33.12,8
m_1932,389190,40,87,,,43.09,33.13,8
m_1932,389240,36,87,,,43.09,33.13,5
m_1932,389430,41,88,,,43.1,33.13,4
m_1932,389520,46,87,,,43.1,33.13,3
m_1932,389530,46,88,,,43.1,33.13,3
m_1932,389640,48,86,,,43.1,33.13,7
m_1932,389710,57,87,,,43.11,33.13,6
m_1932,389800,47,86,,,43.11,33.14,6
m_1932,389890,47,86,,,43.11,33.14,2
m_1932,390040,36,86,,,43.12,33.14,11
m_1932,390380,62,87,,,43.12,33.15,4
m_1932,390410,43,86,,,43.12,33.15,4
m_1932,390460,35,86,,,43.12,33.15,4
m_1932,390470,30,86,,,43.13,33.15,4
m_1932,390580,27,85,,,43.13,33.15,3
m_1932,390750,34,85,,,43.13,33.16,5
m_1932,390900,40,86,,,43.13,33.16,4
m_1932,391040,39,86,,,43.14,33.16,5
m_1932,391090,39,86,,,43.14,33.16,3
m_1932,391150,35,85,,,43.14,33.17,3
m_1932,391280,41,86,,,43.14,33.17,3
m_1932,391390,40,88,,,43.14,33.17,3
m_1932,391400,43,88,,,43.14,33.17,3
m_1932,391440,51,89,,,43.14,33.17,7
m_1932,391450,53,88,,,43.14,33.17,7
m_1932,391810,41,87,,,43.15,33.18,3
m_1932,391880,36,84,,,43.15,33.18,4
m_1932,391900,40,85,,,43.15,33.18,4
m_1932,392000,68,87,,,43.16,33.18,2
m_1932,392020,85,88,,,43.16,33.18,2
m_1932,392180,53,91,,,43.16,33.18,2
m_1932,392190,49,89,,,43.16,33.18,2
m_1932,392210,29,84,,,43.16,33.18,2
m_1932,392420,41,87,,,43.17,33.19,3
m_1932,392460,49,87,,,43.18,33.19,4
m_1932,392550,31,87,,,43.19,33.19,3
m_1932,392600,61,87,,,43.19,33.19,2
m_1932,392690,42,88,,,43.2,33.19,4
m_1932,392800,43,86,,,43.2,33.19,8
m_1932,392830,51,86,,,43.2,33.19,4
m_1932,392940,49,87,,,43.2,33.2,5
m_1932,393060,48,86,,,43.21,33.2,3
m_1932,393140,61,90,,,43.21,33.2,18
m_1932,393260,50,91,,,43.21,33.2,10
m_1932,393350,52,92,,,43.21,33.21,4
m_1932,393400,59,91,,,43.22,33.21,5
m_1932,393420,51,90,,,43.22,33.21,8
m_1932,393530,50,89,,,43.22,33.21,4
m_1932,393680,59,92,,,43.22,33.21,7
m_1932,393790,59,92,,,43.22,33.21,6
m_1932,393840,56,93,,,43.23,33.22,6
m_1932,393880,58,92,,,43.23,33.22,6
m_1932,393970,54,92,,,43.23,33.22,5
m_1932,394010,39,91,,,43.23,33.22,5
m_1932,394090,49,92,,,43.24,33.22,5
m_1932,394110,44,92,,,43.24,33.22,5
m_1932,394130,60,92,,,43.24,33.22,5
m_1932,394230,41,89,,,43.24,33.22,5
m_1932,394340,60,93,,,43.24,33.22,16
m_1932,394690,36,89,,,43.25,33.23,19
m_1932,394720,42,89,,,43.26,33.23,19
m_1932,394760,47,90,,,43.26,33.23,9
m_1932,394900,47,90,,,43.26,33.24,11
m_1932,395150,44,90,,,43.27,33.24,16
m_1932,395210,38,90,,,43.27,33.24,10
m_1932,395290,43,90,,,43.27,33.24,11
m_1932,395330,44,91,,,43.27,33.24,11
m_1932,395350,52,92,,,43.27,33.24,9
m_1932,395680,46,93,,,43.28,33.25,8
m_1932,395710,47,93,,,43.28,33.25,9
m_1932,395780,47,94,,,43.28,33.25,6
m_1932,395790,44,93,,,43.28,33.25,6
m_1932,395860,39,93,,,43.29,33.25,7
m_1932,395890,43,94,,,43.29,33.26,7
m_1932,395980,42,95,,,43.29,33.26,5
m_1932,396160,55,95,,,43.29,33.26,14
m_1932,396190,46,93,,,43.3,33.26,27
m_1932,396250,55,96,,,43.3,33.26,4
m_1932,396280,43,96,,,43.3,33.26,4
m_1932,396290,38,96,,,43.3,33.26,4
m_1932,396380,43,94,,,43.31,33.27,5
m_1932,396520,48,95,,,43.31,33.27,8
m_1932,396630,57,96,,,43.31,33.27,5
m_1932,396650,55,97,,,43.31,33.27,5
m_1932,396850,48,91,,,43.32,33.27,10
m_1932,396860,48,91,,,43.32,33.27,10
m_1932,396900,41,91,,,43.32,33.28,8
m_1932,397110,52,94,,,43.33,33.28,9
m_1932,397260,39,91,,,43.33,33.28,6
m_1932,397280,39,91,,,43.33,33.28,6
m_1932,397520,45,91,,,43.34,33.29,8
m_1932,397570,45,90,,,43.34,33.29,8
m_1932,397630,61,92,,,43.34,33.29,6
m_1932,397670,61,92,,,43.34,33.29,6
m_1932,397790,67,94,,,43.35,33.3,7
m_1932,397870,56,93,,,43.35,33.3,8
m_1932,398040,42,92,,,43.36,33.3,3
m_1932,398060,60,93,,,43.36,33.3,3
m_1932,398150,50,92,,,43.36,33.3,5
m_1932,398160,46,93,,,43.36,33.3,4
m_1932,398220,44,92,,,43.36,33.31,5
m_1932,398230,43,92,,,43.36,33.31,5
m_1932,398380,48,92,,,43.36,33.31,4
m_1932,398400,40,92,,,43.36,33.31,6
m_1932,398550,52,94,,,43.37,33.31,19
m_1932,398570,37,92,,,43.37,33.31,19
m_1932,398710,41,92,,,43.38,33.31,7
m_1932,398750,45,92,,,43.38,33.32,7
m_1932,398920,33,93,,,43.38,33.32,6
m_1932,398980,34,92,,,43.38,33.32,6
m_1932,399110,38,95,,,43.39,33.32,7
m_1932,399320,44,97,,,43.39,33.32,5
m_1932,399460,37,95,,,43.4,33.33,4
m_1932,399590,28,93,,,43.4,33.33,6
m_1932,399630,42,93,,,43.41,33.33,6
m_1932,399920,48,93,,,43.41,33.33,7
m_1932,400010,35,91,,,43.41,33.34,5
m_1932,400090,34,92,,,43.42,33.34,11
m_1932,400210,31,92,,,43.42,33.34,2
m_1932,400250,36,93,,,43.42,33.34,2
m_1932,400500,34,94,,,43.42,33.34,3
m_1932,400520,41,95,,,43.42,33.34,3
m_1932,400630,50,97,,,43.43,33.35,4
m_1932,400670,36,94,,,43.43,33.35,4
m_1932,400720,35,93,,,43.43,33.35,5
m_1932,400780,35,93,,,43.43,33.35,5
m_1932,400820,33,94,,,43.43,33.35,6
m_1932,400830,33,93,,,43.43,33.35,6
m_1932,400990,35,93,,,43.44,33.35,6
m_1932,401010,27,92,,,43.44,33.35,6
m_1932,401080,31,91,,,43.44,33.35,4
m_1932,401120,34,92,,,43.44,33.35,4
m_1932,401250,37,92,,,43.45,33.35,6
m_1932,401470,39,93,,,43.45,33.36,3
m_1932,401550,32,92,,,43.45,33.36,6
m_1932,401680,36,93,,,43.46,33.36,5
m_1932,401910,32,94,,,43.46,33.37,4
m_1932,401960,37,96,,,43.46,33.37,5
m_1932,402040,35,95,,,43.47,33.37,5
m_1932,402080,34,94,,,43.47,33.37,6
m_1932,402160,37,95,,,43.47,33.37,5
m_1932,402170,33,95,,,43.47,33.37,5
m_1932,402180,31,96,,,43.47,33.37,5
m_1932,402200,29,95,,,43.47,33.37,5
m_1932,402250,39,95,,,43.47,33.37,4
m_1932,402260,35,94,,,43.47,33.37,4
m_1932,402330,36,94,,,43.47,33.37,13
m_1932,402390,40,96,,,43.47,33.37,7
m_1932,402510,40,97,,,43.48,33.38,12
m_1932,402590,34,95,,,43.48,33.38,5
m_1932,402860,33,94,,,43.49,33.38,5
m_1932,402900,27,94,,,43.49,33.38,3
m_1932,402940,23,93,,,43.49,33.38,3
m_1932,402950,23,93,,,43.49,33.38,3
m_1932,403130,28,93,,,43.49,33.38,4
m_1932,403260,31,93,,,43.49,33.39,3
m_1932,403390,33,95,,,43.5,33.39,5
m_1932,403490,31,96,,,43.5,33.39,4
m_1932,403500,31,96,,,43.5,33.39,3
m_1932,403860,23,94,,,43.51,33.4,3
m_1932,403870,26,94,,,43.51,33.4,3
m_1932,404000,31,96,,,43.51,33.4,4
m_1932,404090,26,94,,,43.51,33.4,3
m_1932,404110,40,95,,,43.51,33.4,2
m_1932,404150,37,97,,,43.51,33.4,2
m_1932,404270,37,96,,,43.51,33.4,4
m_1932,404280,32,95,,,43.51,33.4,3
m_1932,404290,30,95,,,43.51,33.4,3
m_1932,404390,27,96,,,43.52,33.4,2
m_1932,404400,28,96,,,43.52,33.4,2
m_1932,404540,27,96,,,43.52,33.41,4
m_1932,404570,25,95,,,43.52,33.41,4
m_1932,404670,31,96,,,43.52,33.41,5
m_1932,404860,26,95,,,43.53,33.41,4
m_1932,404900,22,96,,,43.53,33.41,3
m_1932,405110,28,96,,,43.53,33.42,5
m_1932,405130,29,96,,,43.53,33.42,5
m_1932,405150,27,96,,,43.53,33.42,5
m_1932,405200,23,96,,,43.53,33.42,5
m_1932,405390,35,95,,,43.54,33.42,6
m_1932,405470,23,95,,,43.54,33.42,4
m_1932,405490,23,95,,,43.54,33.42,3
m_1932,405510,23,95,,,43.54,33.42,3
m_1932,405560,23,95,,,43.54,33.42,3
m_1932,405610,33,96,,,43.54,33.42,2
m_1932,405790,26,97,,,43.54,33.43,2
m_1932,405870,28,97,,,43.54,33.43,4
m_1932,405980,24,96,,,43.54,33.43,3
m_1932,406000,26,96,,,43.54,33.43,3
m_1932,406060,23,95,,,43.55,33.43,3
m_1932,406170,25,96,,,43.55,33.43,3
m_1932,406200,25,97,,,43.55,33.43,2
m_1932,406290,23,96,,,43.55,33.44,4
m_1932,406330,30,97,,,43.55,33.44,3
m_1932,406360,24,96,,,43.55,33.44,3
m_1932,406370,25,97,,,43.55,33.44,3
m_1932,406500,21,96,,,43.55,33.44,2
m_1932,406530,26,97,,,43.55,33.44,2
m_1932,406570,41,97,,,43.55,33.44,6
m_1932,406590,26,97,,,43.55,33.44,6
m_1932,406640,29,97,,,43.56,33.44,3
m_1932,406650,29,97,,,43.56,33.44,3
m_1932,406660,28,97,,,43.56,33.44,3
m_1932,406730,31,97,,,43.56,33.44,4
m_1932,406810,36,97,,,43.56,33.44,3
m_1932,407110,32,93,,,43.56,33.45,9
m_1932,407210,25,92,,,43.57,33.45,9
m_1932,407260,28,93,,,43.57,33.45,5
m_1932,407300,32,93,,,43.57,33.45,3
m_1932,407320,35,93,,,43.57,33.45,3
m_1932,407680,29,93,,,43.57,33.46,11
m_1932,407690,28,93,,,43.57,33.46,11
m_1932,407750,25,90,,,43.57,33.46,3
m_1932,407810,20,90,,,43.58,33.46,2
m_1932,407940,18,90,,,43.58,33.46,2
m_1932,407950,21,91,,,43.58,33.46,2
m_1932,407990,18,90,,,43.58,33.46,2
m_1932,408050,20,89,,,43.58,33.46,2
m_1932,408080,19,89,,,43.58,33.46,2
m_1932,408460,19,89,,,43.58,33.47,2
m_1932,408630,21,90,,,43.58,33.47,2
m_1932,408690,25,92,,,43.59,33.47,3
m_1932,408860,25,90,,,43.59,33.48,6
m_1932,408900,24,91,,,43.59,33.48,6
m_1932,408940,27,92,,,43.59,33.48,6
m_1932,409050,32,90,,,43.59,33.48,6
m_1932,409100,36,91,,,43.59,33.48,8
m_1932,409140,23,90,,,43.59,33.48,6
m_1932,409280,28,92,,,43.6,33.48,4
m_1932,409430,22,91,,,43.6,33.49,5
m_1932,409620,26,91,,,43.6,33.49,12
m_1932,409740,21,90,,,43.61,33.49,4
m_1932,409750,27,91,,,43.61,33.49,4
m_1932,409870,31,93,,,43.61,33.5,3
m_1932,409890,25,93,,,43.61,33.5,3
m_1932,409920,29,94,,,43.61,33.5,5
m_1932,410030,26,94,,,43.61,33.5,6
m_1932,410050,32,94,,,43.61,33.5,4
m_1932,410060,47,95,,,43.61,33.5,4
m_1932,410110,48,94,,,43.61,33.5,5
m_1932,410390,43,91,,,43.62,33.5,2
m_1932,410410,45,92,,,43.62,33.5,3
m_1932,410420,43,92,,,43.62,33.5,3
m_1932,410430,45,92,,,43.62,33.5,3
m_1932,410490,43,92,,,43.62,33.5,2
m_1932,410550,43,92,,,43.62,33.5,3
m_1932,410660,44,91,,,43.62,33.51,3
m_1932,410750,45,92,,,43.62,33.51,4
m_1932,410780,22,91,,,43.62,33.51,2
m_1932,410800,26,92,,,43.62,33.51,2
m_1932,410860,30,93,,,43.62,33.51,2
m_1932,411170,21,92,,,43.62,33.51,3
m_1932,411200,20,91,,,43.62,33.51,3
m_1932,411220,23,92,,,43.62,33.51,3
m_1932,411270,25,92,,,43.63,33.51,2
m_1932,411290,38,93,,,43.63,33.51,2
m_1932,411360,32,93,,,43.63,33.51,2
m_1932,411380,30,93,,,43.63,33.51,2
m_1932,411480,28,93,,,43.63,33.52,2
m_1932,411560,36,96,,,43.63,33.52,4
m_1932,411690,28,94,,,43.63,33.52,6
m_1932,411700,27,94,,,43.63,33.52,6
m_1932,411800,42,94,,,43.63,33.52,3
m_1932,411860,22,95,,,43.64,33.52,4
m_1932,411880,25,95,,,43.64,33.52,4
m_1932,412050,26,96,,,43.64,33.53,2
m_1932,412060,25,96,,,43.64,33.53,2
m_1932,412300,38,94,,,43.64,33.53,6
m_1932,412440,28,93,,,43.64,33.53,3
m_1932,412490,26,92,,,43.64,33.53,3
m_1932,412830,26,93,,,43.65,33.54,2
m_1932,412910,21,92,,,43.65,33.54,3
m_1932,412960,21,92,,,43.65,33.54,3
m_1932,412990,22,93,,,43.65,33.54,2
m_1932,413130,23,93,,,43.65,33.54,3
m_1932,413170,20,93,,,43.65,33.54,3
m_1932,413320,28,95,,,43.65,33.55,5
m_1932,413330,29,96,,,43.66,33.55,5
m_1932,413350,30,96,,,43.66,33.55,4
m_1932,413410,31,96,,,43.66,33.55,7
m_1932,413470,31,95,,,43.66,33.55,8
m_1932,413500,29,96,,,43.66,33.55,8
m_1932,413740,26,97,,,43.66,33.55,7
m_1932,413760,28,97,,,43.66,33.55,6
m_1932,413850,25,96,,,43.66,33.55,3
m_1932,413860,26,96,,,43.66,33.55,3
m_1932,413990,23,96,,,43.66,33.56,3
m_1932,414000,23,96,,,43.66,33.56,3
m_1932,414030,26,96,,,43.66,33.56,3
m_1932,414060,23,96,,,43.66,33.56,2
m_1932,414160,27,94,,,43.67,33.56,3
m_1932,414350,29,95,,,43.67,33.56,2
m_1932,414470,25,93,,,43.67,33.57,3
m_1932,414480,24,93,,,43.67,33.57,3
m_1932,414560,24,93,,,43.67,33.57,2
m_1932,414590,25,93,,,43.67,33.57,2
m_1932,414630,26,94,,,43.67,33.57,2
m_1932,414810,24,94,,,43.67,33.57,3
m_1932,415020,21,94,,,43.68,33.57,2
m_1932,415040,25,95,,,43.68,33.57,2
m_1932,415050,23,94,,,43.68,33.57,2
m_1932,415060,26,95,,,43.68,33.57,2
m_1932,415070,25,94,,,43.68,33.57,2
m_1932,415080,23,94,,,43.68,33.57,3
m_1932,415140,26,95,,,43.68,33.57,2
m_1932,415280,28,96,,,43.68,33.58,3
m_1932,415440,26,93,,,43.68,33.58,3
m_1932,415480,27,94,,,43.68,33.58,3
m_1932,415570,31,95,,,43.69,33.58,3
m_1932,415580,30,96,,,43.69,33.58,3
m_1932,415590,29,96,,,43.69,33.58,3
m_1932,415670,22,94,,,43.69,33.58,6
m_1932,415840,29,95,,,43.69,33.58,4
m_1932,415960,25,94,,,43.69,33.59,10
m_1932,416030,33,93,,,43.69,33.59,5
m_1932,416300,30,95,,,43.7,33.59,4
m_1932,416320,27,94,,,43.7,33.59,4
m_1932,416440,25,94,,,43.7,33.59,3
m_1932,416490,23,95,,,43.7,33.59,3
m_1932,416500,23,95,,,43.7,33.59,3
m_1932,416570,23,95,,,43.7,33.6,6
m_1932,416610,20,94,,,43.7,33.6,4
m_1932,416750,29,96,,,43.7,33.6,3
m_1932,416760,37,96,,,43.7,33.6,3
m_1932,416960,29,97,,,43.7,33.6,3
m_1932,416970,30,97,,,43.7,33.6,3
m_1932,417120,39,96,,,43.71,33.6,5
m_1932,417500,32,96,,,43.71,33.61,6
m_1932,417640,25,96,,,43.71,33.61,3
m_1932,417810,26,96,,,43.72,33.61,3
m_1932,417840,26,96,,,43.72,33.61,3
m_1932,418080,29,95,,,43.72,33.62,3
m_1932,418170,25,95,,,43.72,33.62,4
m_1932,418200,22,94,,,43.72,33.62,5
m_1932,418250,24,94,,,43.72,33.62,5
m_1932,418260,25,94,,,43.72,33.62,2
m_1932,418270,26,94,,,43.72,33.62,2
m_1932,418300,24,94,,,43.72,33.62,2
m_1932,418350,23,94,,,43.72,33.62,2
m_1932,418400,25,94,,,43.72,33.62,4
m_1932,418430,22,94,,,43.72,33.62,4
m_1932,418450,25,94,,,43.72,33.62,3
m_1932,418740,23,93,,,43.73,33.63,2
m_1932,418790,24,94,,,43.73,33.63,2
m_1932,418910,21,92,,,43.73,33.63,3
m_1932,418920,23,92,,,43.73,33.63,5
m_1932,419040,19,92,,,43.73,33.63,3
m_1932,419170,31,95,,,43.74,33.63,6
m_1932,419260,37,96,,,43.74,33.64,8
m_1932,419290,29,96,,,43.74,33.64,5
m_1932,419470,33,94,,,43.74,33.64,3
m_1932,419630,34,91,,,43.74,33.64,8
m_1932,419840,42,94,,,43.75,33.64,5
m_1932,419870,42,94,,,43.75,33.64,5
m_1932,419960,27,95,,,43.75,33.64,5
m_1932,420140,30,95,,,43.75,33.65,2
m_1932,420190,30,95,,,43.75,33.65,3
m_1932,420300,37,92,,,43.75,33.65,5
m_1932,420340,34,91,,,43.75,33.65,5
m_1932,420360,29,91,,,43.75,33.65,3
m_1932,420450,23,91,,,43.76,33.65,2
m_1932,420500,27,91,,,43.76,33.65,3
m_1932,420670,40,93,,,43.76,33.65,2
m_1932,420680,37,94,,,43.76,33.65,2
m_1932,420690,33,93,,,43.76,33.65,2
m_1932,420750,34,95,,,43.76,33.65,2
m_1932,420950,32,95,,,43.76,33.66,6
m_1932,421160,25,94,,,43.76,33.66,4
m_1932,421490,36,97,,,43.77,33.66,7
m_1932,421640,29,95,,,43.77,33.67,3
m_1932,421790,31,94,,,43.77,33.67,4
m_1932,421940,29,93,,,43.78,33.67,2
m_1932,422070,28,93,,,43.78,33.67,2
m_1932,422270,39,94,,,43.78,33.68,3
m_1932,422330,34,94,,,43.78,33.68,3
m_1932,422350,37,95,,,43.78,33.68,3
m_1932,422370,30,94,,,43.78,33.68,3
m_1932,422390,32,94,,,43.79,33.68,3
m_1932,422450,30,93,,,43.79,33.68,3
m_1932,422610,27,93,,,43.79,33.68,2
m_1932,422980,42,96,,,43.79,33.69,4
m_1932,423010,32,95,,,43.79,33.69,9
m_1932,423090,31,95,,,43.8,33.69,4
m_1932,423210,39,95,,,43.8,33.69,3
m_1932,423390,25,94,,,43.8,33.69,5
m_1932,423430,24,93,,,43.8,33.69,4
m_1932,423570,25,93,,,43.8,33.69,3
m_1932,423650,30,93,,,43.8,33.7,3
m_1932,423660,29,93,,,43.8,33.7,3
m_1932,423720,37,94,,,43.8,33.7,2
m_1932,423780,39,94,,,43.81,33.7,3
m_1932,423790,37,94,,,43.81,33.7,3
m_1932,423880,30,95,,,43.81,33.7,3
m_1932,423890,30,95,,,43.81,33.7,3
m_1932,423930,31,96,,,43.81,33.7,2
m_1932,423950,34,96,,,43.81,33.7,2
m_1932,423990,30,95,,,43.81,33.7,4
m_1932,424000,30,95,,,43.81,33.7,4
m_1932,424110,28,94,,,43.81,33.7,4
m_1932,424170,31,95,,,43.81,33.7,5
m_1932,424260,30,95,,,43.81,33.71,4
m_1932,424340,26,95,,,43.82,33.71,2
m_1932,424370,26,95,,,43.82,33.71,2
m_1932,424420,24,95,,,43.82,33.71,4
m_1932,424480,21,94,,,43.82,33.71,5
m_1932,424560,22,94,,,43.82,33.71,2
m_1932,424690,24,93,,,43.82,33.71,5
m_1932,424700,21,93,,,43.82,33.71,5
m_1932,424780,26,92,,,43.82,33.71,8
m_1932,424820,30,93,,,43.82,33.72,6
m_1932,424940,24,94,,,43.83,33.72,3
m_1932,425350,32,95,,,43.83,33.73,2
m_1932,425460,23,95,,,43.84,33.73,2
m_1932,425470,24,95,,,43.84,33.73,2
m_1932,425480,22,95,,,43.84,33.73,2
m_1932,425680,25,97,,,43.84,33.73,3
m_1932,425690,25,97,,,43.84,33.73,3
m_1932,425770,25,97,,,43.84,33.73,4
m_1932,425820,23,95,,,43.84,33.73,3
m_1932,425880,24,95,,,43.84,33.73,2
m_1932,426080,24,92,,,43.85,33.74,7
m_1932,426210,27,93,,,43.85,33.74,3
m_1932,426440,33,94,,,43.85,33.74,3
m_1932,426510,32,94,,,43.85,33.74,3
m_1932,426580,29,95,,,43.85,33.74,2
m_1932,426670,31,96,,,43.86,33.74,5
m_1932,426710,28,95,,,43.86,33.74,5
m_1932,426780,25,95,,,43.86,33.75,4
m_1932,426880,30,96,,,43.86,33.75,4
m_1932,426900,30,96,,,43.86,33.75,3
m_1932,427060,28,95,,,43.86,33.75,5
m_1932,427180,25,93,,,43.86,33.75,7
m_1932,427190,27,93,,,43.86,33.75,7
m_1932,427270,33,95,,,43.87,33.75,10
m_1932,427420,29,92,,,43.87,33.76,5
m_1932,427430,26,92,,,43.87,33.76,5
m_1932,427740,21,93,,,43.87,33.76,8
m_1932,427800,28,94,,,43.88,33.76,9
m_1932,427950,36,96,,,43.88,33.77,4
m_1932,427990,23,97,,,43.88,33.77,3
m_1932,428110,24,97,,,43.88,33.77,5
m_1932,428180,23,96,,,43.88,33.77,3
m_1932,428330,22,96,,,43.88,33.77,2
m_1932,428370,22,96,,,43.88,33.77,3
m_1932,428470,22,96,,,43.88,33.77,2
m_1932,428500,32,97,,,43.89,33.77,2
m_1932,428530,47,97,,,43.89,33.77,4
m_1932,428710,40,96,,,43.89,33.77,3
m_1932,428790,25,95,,,43.89,33.78,3
m_1932,428830,29,95,,,43.89,33.78,3
m_1932,428870,24,95,,,43.89,33.78,3
m_1932,428930,26,95,,,43.89,33.78,2
m_1932,429030,27,95,,,43.89,33.78,2
m_1932,429040,26,94,,,43.89,33.78,2
m_1932,429140,27,96,,,43.9,33.78,4
m_1932,429170,37,95,,,43.9,33.78,4
m_1932,429250,24,95,,,43.9,33.78,2
m_1932,429310,25,96,,,43.9,33.78,3
m_1932,429430,26,95,,,43.9,33.79,4
m_1932,429670,47,93,,,43.91,33.79,5
m_1932,429730,29,93,,,43.91,33.79,4
m_1932,429740,25,93,,,43.91,33.79,4
m_1932,429750,26,93,,,43.91,33.79,4
m_1932,429880,29,92,,,43.91,33.79,4
m_1932,429930,24,92,,,43.91,33.79,4
m_1932,429940,25,93,,,43.91,33.79,4
m_1932,430050,29,93,,,43.91,33.79,2
m_1932,430090,21,92,,,43.91,33.79,5
m_1932,430320,30,96,,,43.91,33.8,3
m_1932,430340,24,94,,,43.91,33.8,3
m_1932,430440,25,92,,,43.92,33.8,2
m_1932,430830,27,93,,,43.92,33.8,2
m_1932,430930,16,91,,,43.92,33.81,4
m_1932,431030,22,93,,,43.92,33.81,2
m_1932,431210,23,95,,,43.93,33.81,4
m_1932,431270,21,94,,,43.93,33.81,5
m_1932,431320,20,94,,,43.93,33.81,9
m_1932,431440,28,95,,,43.93,33.81,8
m_1932,431500,19,95,,,43.93,33.81,5
m_1932,431510,20,94,,,43.93,33.81,5
m_1932,431600,24,95,,,43.93,33.81,4
m_1932,431770,24,97,,,43.93,33.81,2
m_1932,431780,23,97,,,43.93,33.81,2
m_1932,432060,23,94,,,43.94,33.82,3
m_1932,432140,32,95,,,43.94,33.82,3
m_1932,432150,50,95,,,43.94,33.82,3
m_1932,432160,43,95,,,43.94,33.82,3
m_1932,432310,25,93,,,43.94,33.82,3
m_1932,432330,30,94,,,43.94,33.82,3
m_1932,432370,36,95,,,43.94,33.82,2
m_1932,432390,34,96,,,43.94,33.82,2
m_1932,432420,36,97,,,43.94,33.82,2
m_1932,432520,39,96,,,43.95,33.82,5
m_1932,432660,42,94,,,43.95,33.83,3
m_1932,432730,32,97,,,43.95,33.83,4
m_1932,432830,34,95,,,43.95,33.83,4
m_1932,433000,37,94,,,43.96,33.83,3
m_1932,433050,40,95,,,43.96,33.83,5
m_1932,433310,32,95,,,43.96,33.84,3
m_1932,433670,30,96,,,43.97,33.84,2
m_1932,433830,28,96,,,43.97,33.84,3
m_1932,433860,30,96,,,43.97,33.84,3
m_1932,433920,31,94,,,43.97,33.84,4
m_1932,434070,38,94,,,43.97,33.85,3
m_1932,434090,49,94,,,43.97,33.85,3
m_1932,434200,44,92,,,43.98,33.85,4
m_1932,434210,45,93,,,43.98,33.85,4
m_1932,434360,51,94,,,43.98,33.85,3
m_1932,434620,54,96,,,43.98,33.85,5
m_1932,434750,27,94,,,43.98,33.85,3
m_1932,434780,23,92,,,43.98,33.85,2
m_1932,434870,40,92,,,43.99,33.85,7
m_1932,434880,42,92,,,43.99,33.86,3
m_1932,434930,50,93,,,43.99,33.86,3
m_1932,434980,25,92,,,43.99,33.86,3
m_1932,435180,33,93,,,43.99,33.86,2
m_1932,435600,20,93,,,44,33.86,2
m_1932,435680,23,92,,,44,33.86,3
m_1932,435730,29,93,,,44,33.86,3
m_1932,435800,25,93,,,44,33.87,5
m_1932,435850,29,93,,,44,33.87,4
m_1932,435880,32,93,,,44,33.87,4
m_1932,435950,31,93,,,44,33.87,3
m_1932,435970,29,92,,,44,33.87,2
m_1932,436470,45,97,,,44.01,33.87,2
m_1932,436530,47,97,,,44.01,33.87,3
m_1932,436550,44,95,,,44.01,33.87,3
m_1932,436610,45,95,,,44.01,33.87,3
m_1932,436740,37,91,,,44.01,33.88,2
m_1932,436960,36,88,,,44.02,33.88,3
m_1932,437220,32,85,,,44.02,33.88,9
m_1932,437230,34,85,,,44.02,33.88,9
m_1932,437390,41,87,,,44.03,33.88,5
m_1932,437480,27,85,,,44.03,33.88,3
m_1932,437540,28,86,,,44.03,33.89,3
m_1932,437580,27,87,,,44.03,33.89,3
m_1932,437620,23,88,,,44.03,33.89,3
m_1932,437670,24,89,,,44.03,33.89,2
m_1932,437810,26,88,,,44.03,33.89,5
m_1932,437870,21,88,,,44.03,33.89,3
m_1932,437920,26,90,,,44.03,33.89,3
m_1932,437950,29,90,,,44.03,33.89,5
m_1932,438040,33,91,,,44.04,33.89,5
m_1932,438110,28,90,,,44.04,33.89,5
m_1932,438170,30,90,,,44.04,33.89,5
m_1932,438200,28,91,,,44.04,33.89,5
m_1932,438280,23,87,,,44.04,33.89,3
m_1932,438380,24,86,,,44.04,33.89,2
m_1932,438500,35,86,,,44.04,33.9,2
m_1932,438770,29,85,,,44.05,33.9,4
m_1932,438980,22,86,,,44.05,33.9,2
m_1932,439070,20,86,,,44.05,33.9,2
m_1932,439110,27,87,,,44.05,33.9,2
m_1932,439390,36,89,,,44.06,33.91,3
m_1932,439400,33,90,,,44.06,33.91,3
m_1932,439450,39,91,,,44.06,33.91,4
m_1932,439490,33,90,,,44.06,33.91,4
m_1932,439590,34,90,,,44.06,33.91,2
m_1932,439620,28,90,,,44.06,33.91,4
m_1932,439670,27,90,,,44.06,33.91,4
m_1932,439710,32,90,,,44.06,33.91,4
m_1932,439740,24,88,,,44.06,33.91,5
m_1932,439760,29,88,,,44.06,33.91,5
m_1932,439830,25,87,,,44.06,33.91,12
m_1932,440040,46,89,,,44.07,33.91,6
m_1932,440080,37,89,,,44.07,33.92,6
m_1932,440090,36,87,,,44.07,33.92,6
m_1932,440310,32,90,,,44.07,33.92,3
m_1932,440340,34,90,,,44.07,33.92,5
m_1932,440390,38,91,,,44.08,33.92,5
m_1932,440570,41,91,,,44.08,33.92,4
m_1932,440620,37,91,,,44.08,33.92,4
m_1932,440690,52,90,,,44.08,33.93,5
m_1932,440730,58,90,,,44.08,33.93,6
m_1932,440930,61,91,,,44.09,33.93,5
m_1932,441060,40,91,,,44.09,33.93,5
m_1932,441080,31,89,,,44.09,33.93,5
m_1932,441130,27,89,,,44.09,33.93,3
m_1932,441360,26,88,,,44.1,33.94,5
m_1932,441420,29,90,,,44.1,33.94,4
m_1932,441530,26,91,,,44.1,33.94,3
m_1932,441560,26,92,,,44.1,33.94,3
m_1932,441650,29,91,,,44.1,33.94,6
m_1932,441710,30,92,,,44.1,33.94,4
m_1932,442000,44,92,,,44.11,33.95,5
m_1932,442050,47,92,,,44.11,33.95,4
m_1932,442100,47,92,,,44.11,33.95,5
m_1932,442170,36,91,,,44.12,33.95,3
m_1932,442230,27,90,,,44.12,33.95,4
m_1932,442410,39,90,,,44.12,33.95,3
m_1932,442460,41,90,,,44.12,33.96,6
m_1932,442540,48,91,,,44.12,33.96,6
m_1932,442630,45,91,,,44.13,33.96,4
m_1932,442660,35,90,,,44.13,33.96,4
m_1932,442740,33,91,,,44.13,33.96,3
m_1932,442850,37,92,,,44.13,33.96,4
m_1932,442910,39,92,,,44.13,33.96,4
m_1932,443070,36,90,,,44.14,33.96,9
m_1932,443100,32,90,,,44.14,33.96,3
m_1932,443190,33,90,,,44.14,33.97,3
m_1932,443250,31,91,,,44.14,33.97,2
m_1932,443280,32,91,,,44.14,33.97,3
m_1932,443310,32,92,,,44.14,33.97,3
m_1932,443550,35,90,,,44.15,33.97,3
m_1932,443570,34,89,,,44.15,33.97,3
m_1932,443580,36,89,,,44.15,33.97,7
m_1932,443620,34,90,,,44.15,33.97,7
m_1932,443700,38,92,,,44.15,33.97,11
m_1932,443710,41,93,,,44.15,33.97,11
m_1932,443770,38,94,,,44.15,33.97,14
m_1932,443870,40,96,,,44.16,33.97,3
m_1932,444030,44,95,,,44.16,33.98,4
m_1932,444390,44,88,,,44.17,33.98,6
m_1932,444440,39,89,,,44.17,33.98,4
m_1932,444590,45,93,,,44.18,33.99,5
m_1932,445100,46,93,,,44.19,33.99,8
m_1932,445150,41,91,,,44.19,34,5
m_1932,445220,32,89,,,44.19,34,6
m_1932,445320,33,90,,,44.2,34,4
m_1932,445330,33,91,,,44.2,34,4
m_1932,445410,38,93,,,44.2,34,10
m_1932,445460,38,93,,,44.2,34,9
m_1932,445510,43,91,,,44.2,34,21
m_1932,445590,41,92,,,44.2,34,6
m_1932,445620,35,91,,,44.2,34,7
m_1932,445670,34,89,,,44.21,34,7
m_1932,445780,29,88,,,44.21,34,3
m_1932,445990,27,88,,,44.21,34.01,4
m_1932,446010,30,88,,,44.21,34.01,4
m_1932,446020,36,89,,,44.21,34.01,4
m_1932,446080,36,90,,,44.21,34.01,8
m_1932,446210,40,91,,,44.22,34.01,5
m_1932,446590,46,93,,,44.23,34.02,14
m_1932,446600,43,94,,,44.23,34.02,14
m_1932,446790,41,96,,,44.23,34.02,15
m_1932,446800,48,97,,,44.23,34.02,15
m_1932,446860,52,97,,,44.24,34.02,11
m_1932,446920,53,96,,,44.24,34.02,13
m_1932,447370,43,87,,,44.25,34.03,30
m_1932,447380,41,86,,,44.25,34.03,30
m_1932,447400,39,85,,,44.25,34.03,30
m_1932,447410,43,84,,,44.25,34.03,30
m_1932,447470,49,86,,,44.25,34.03,25
m_1932,447480,52,87,,,44.25,34.03,15
m_1932,447600,59,88,,,44.26,34.03,14
m_1932,447770,40,89,,,44.26,34.03,17
m_1932,447820,50,89,,,44.26,34.03,9
m_1932,448120,46,87,,,44.27,34.04,22
m_1932,448190,42,88,,,44.27,34.04,13
m_1932,448280,41,88,,,44.28,34.04,12
m_1932,448370,49,87,,,44.28,34.05,17
m_1932,448400,50,87,,,44.28,34.05,7
m_1932,448510,39,86,,,44.28,34.05,8
m_1932,448540,37,88,,,44.28,34.05,8
m_1932,448680,31,86,,,44.28,34.05,5
m_1932,448880,37,88,,,44.29,34.05,10
m_1932,449010,40,90,,,44.29,34.05,4
m_1932,449040,34,88,,,44.29,34.06,3
m_1932,449200,27,85,,,44.3,34.06,5
m_1932,449250,29,84,,,44.3,34.06,2
m_1932,449290,35,85,,,44.3,34.06,5
m_1932,449430,39,88,,,44.3,34.06,7
m_1932,449480,36,88,,,44.3,34.06,5
m_1932,449630,45,86,,,44.3,34.06,6
m_1932,449640,44,87,,,44.3,34.06,6
m_1932,449690,45,88,,,44.3,34.06,6
m_1932,449760,41,88,,,44.31,34.07,4
m_1932,449910,32,88,,,44.31,34.07,4
m_1932,449930,40,89,,,44.31,34.07,4
m_1932,449940,38,89,,,44.31,34.07,4
m_1932,450010,51,89,,,44.31,34.07,5
m_1932,450080,47,91,,,44.32,34.07,5
m_1932,450130,44,90,,,44.32,34.07,6
m_1932,450200,50,88,,,44.32,34.07,5
m_1932,450340,72,90,,,44.33,34.07,10
m_1932,450610,42,88,,,44.33,34.08,11
m_1932,450750,46,90,,,44.33,34.08,13
m_1932,450830,33,89,,,44.34,34.08,10
m_1932,450970,39,92,,,44.34,34.08,5
m_1932,450980,39,92,,,44.34,34.08,5
m_1932,451030,38,91,,,44.34,34.09,5
m_1932,451090,37,91,,,44.34,34.09,5
m_1932,451120,40,92,,,44.34,34.09,5
m_1932,451440,48,91,,,44.35,34.09,10
m_1932,451520,43,92,,,44.35,34.09,4
m_1932,451540,39,92,,,44.35,34.09,4
m_1932,451610,39,92,,,44.35,34.09,6
m_1932,451940,30,88,,,44.36,34.1,6
m_1932,451970,28,86,,,44.36,34.1,6
m_1932,452010,34,88,,,44.36,34.1,10
m_1932,452240,49,90,,,44.36,34.1,8
m_1932,452310,47,90,,,44.37,34.1,16
m_1932,452370,38,88,,,44.37,34.1,14
m_1932,452400,36,88,,,44.37,34.11,9
m_1932,452410,39,88,,,44.37,34.11,9
m_1932,452460,38,89,,,44.37,34.11,3
m_1932,452560,60,90,,,44.37,34.11,5
m_1932,452800,44,88,,,44.38,34.11,6
m_1932,452860,61,94,,,44.38,34.11,13
m_1932,452920,42,93,,,44.38,34.11,12
m_1932,452950,51,95,,,44.38,34.11,10
m_1932,453000,45,95,,,44.39,34.11,16
m_1932,453060,57,97,,,44.39,34.12,13
m_1932,453480,57,96,,,44.4,34.13,8
m_1932,453560,57,91,,,44.4,34.13,8
m_1932,453660,53,92,,,44.4,34.13,12
m_1932,453680,50,91,,,44.4,34.13,12
m_1932,453720,55,90,,,44.41,34.13,9
m_1932,453770,60,92,,,44.41,34.13,9
m_1932,453790,68,92,,,44.41,34.13,16
m_1932,453820,69,92,,,44.41,34.13,16
m_1932,453880,85,96,,,44.41,34.13,8
m_1932,454070,87,93,,,44.42,34.14,8
m_1932,454090,85,94,,,44.42,34.14,7
m_1932,454230,83,96,,,44.43,34.14,10
m_1932,454340,81,92,,,44.43,34.14,8
m_1932,454460,79,93,,,44.44,34.14,9
m_1932,454660,48,89,,,44.45,34.14,4
m_1932,454740,46,90,,,44.45,34.14,9
m_1932,454910,49,91,,,44.45,34.15,9
m_1932,455110,59,92,,,44.46,34.15,14
m_1932,455180,60,94,,,44.46,34.15,7
m_1932,455200,60,93,,,44.46,34.15,7
m_1932,455300,70,93,,,44.46,34.15,7
m_1932,455320,63,93,,,44.46,34.16,7
m_1932,455380,56,91,,,44.47,34.16,5
m_1932,455400,52,91,,,44.47,34.16,9
m_1932,455520,46,89,,,44.47,34.16,6
m_1932,455540,54,91,,,44.47,34.16,6
m_1932,455640,46,89,,,44.47,34.16,12
m_1932,456190,58,93,,,44.49,34.17,21
m_1932,456250,59,95,,,44.49,34.17,20
m_1932,456260,59,95,,,44.49,34.17,20
m_1932,456310,60,93,,,44.49,34.17,28
m_1932,456380,62,95,,,44.49,34.17,25
m_1932,456440,74,95,,,44.5,34.17,31
m_1932,456470,69,94,,,44.5,34.18,31
m_1932,456540,67,93,,,44.5,34.18,34
m_1932,456560,68,93,,,44.5,34.18,34
m_1932,456590,56,94,,,44.5,34.18,34
m_1932,456620,62,95,,,44.5,34.18,23
m_1932,456750,55,96,,,44.51,34.18,24
m_1932,456870,58,97,,,44.51,34.19,14
m_1932,456950,56,96,,,44.51,34.19,22
m_1932,456980,54,95,,,44.51,34.19,15
m_1932,456990,55,95,,,44.51,34.19,15
m_1932,457000,57,96,,,44.51,34.19,15
m_1932,457130,56,96,,,44.52,34.19,12
m_1932,457260,55,97,,,44.52,34.19,6
m_1932,457310,65,97,,,44.52,34.19,6
m_1932,457420,53,91,,,44.53,34.2,9
m_1932,457490,57,90,,,44.53,34.2,10
m_1932,457520,52,90,,,44.53,34.2,9
m_1932,457610,46,90,,,44.53,34.2,10
m_1932,457720,38,87,,,44.53,34.2,11
m_1932,457830,43,89,,,44.54,34.21,18
m_1932,457940,40,89,,,44.54,34.21,17
m_1932,458070,54,92,,,44.55,34.21,13
m_1932,458090,54,93,,,44.55,34.21,13
m_1932,458100,54,93,,,44.55,34.21,12
m_1932,458300,62,90,,,44.55,34.22,21
m_1932,458520,56,89,,,44.56,34.22,20
m_1932,458580,56,90,,,44.56,34.22,15
m_1932,458620,59,91,,,44.56,34.23,15
m_1932,458860,70,94,,,44.57,34.23,13
m_1932,458920,56,90,,,44.57,34.23,21
m_1932,458950,58,91,,,44.57,34.23,11
m_1932,459010,63,88,,,44.57,34.23,12
m_1932,459030,59,88,,,44.57,34.24,12
m_1932,459040,63,87,,,44.57,34.24,12
m_1932,459120,57,87,,,44.58,34.24,17
m_1932,459400,53,86,,,44.58,34.24,13
m_1932,459460,53,88,,,44.59,34.25,11
m_1932,460000,43,84,,,44.6,34.26,10
m_1932,460110,47,85,,,44.6,34.26,4
m_1932,460160,43,84,,,44.6,34.26,3
m_1932,460430,56,85,,,44.61,34.27,3
m_1932,460650,48,85,,,44.61,34.27,6
m_1932,460700,44,85,,,44.61,34.27,6
m_1932,460820,57,83,,,44.62,34.28,9
m_1932,460940,71,86,,,44.62,34.28,8
m_1932,460950,72,86,,,44.62,34.28,8
m_1932,461000,67,88,,,44.62,34.28,7
m_1932,461110,64,85,,,44.63,34.28,7
m_1932,461170,58,85,,,44.63,34.28,6
m_1932,461190,59,83,,,44.63,34.28,6
m_1932,461240,58,83,,,44.63,34.28,9
m_1932,461360,55,83,,,44.63,34.29,6
m_1932,461400,54,84,,,44.63,34.29,2
m_1932,461460,54,84,,,44.63,34.29,3
m_1932,461580,54,83,,,44.64,34.29,5
m_1932,461880,52,84,,,44.64,34.3,3
m_1932,461890,54,84,,,44.64,34.3,3
m_1932,462000,53,84,,,44.64,34.3,8
m_1932,462060,61,87,,,44.65,34.3,6
m_1932,462130,58,87,,,44.65,34.3,7
m_1932,462340,57,88,,,44.65,34.3,13
m_1932,462580,58,86,,,44.66,34.31,17
m_1932,462640,74,88,,,44.66,34.31,12
m_1932,462850,55,89,,,44.66,34.31,9
m_1932,462880,55,89,,,44.66,34.32,9
m_1932,462920,53,88,,,44.66,34.32,6
m_1932,462940,53,87,,,44.66,34.32,6
m_1932,463010,51,86,,,44.67,34.32,9
m_1932,463130,52,86,,,44.67,34.32,5
m_1932,463310,53,85,,,44.67,34.32,8
m_1932,463490,53,87,,,44.67,34.33,5
m_1932,463540,56,87,,,44.68,34.33,3
m_1932,463590,57,87,,,44.68,34.33,4
m_1932,463690,55,87,,,44.68,34.33,4
m_1932,463740,64,89,,,44.68,34.33,2
m_1932,463890,60,92,,,44.69,34.33,4
m_1932,464120,56,88,,,44.69,34.34,4
m_1932,464280,64,90,,,44.69,34.34,6
m_1932,464480,66,93,,,44.7,34.34,4
m_1932,464520,62,94,,,44.7,34.34,5
m_1932,464630,63,96,,,44.71,34.35,6
m_1932,464770,55,94,,,44.71,34.35,5
m_1932,464890,56,91,,,44.72,34.35,9
m_1932,465460,61,88,,,44.73,34.36,6
m_1932,465510,64,89,,,44.73,34.37,6
m_1932,465580,57,91,,,44.74,34.37,8
m_1932,465660,66,91,,,44.74,34.37,11
m_1932,465700,64,89,,,44.74,34.37,11
m_1932,465740,63,90,,,44.74,34.37,10
m_1932,465770,56,89,,,44.74,34.37,10
m_1932,465840,56,89,,,44.74,34.37,6
m_1932,465920,57,91,,,44.74,34.37,17
m_1932,465950,59,90,,,44.74,34.37,17
m_1932,465980,61,90,,,44.75,34.37,5
m_1932,466030,66,90,,,44.75,34.38,15
m_1932,466110,46,87,,,44.75,34.38,11
m_1932,466180,57,92,,,44.75,34.38,6
m_1932,466300,51,89,,,44.75,34.38,7
m_1932,466350,44,88,,,44.76,34.38,11
m_1932,466420,40,89,,,44.76,34.38,7
m_1932,466510,45,89,,,44.76,34.39,6
m_1932,466520,43,89,,,44.76,34.39,6
m_1932,466600,46,89,,,44.76,34.39,18
m_1932,466610,50,89,,,44.76,34.39,18
m_1932,466690,53,90,,,44.76,34.39,5
m_1932,466830,40,89,,,44.77,34.39,8
m_1932,467060,38,88,,,44.77,34.4,6
m_1932,467300,40,90,,,44.78,34.4,4
m_1932,467380,39,89,,,44.78,34.41,18
m_1932,467440,51,90,,,44.78,34.41,3
m_1932,467480,41,89,,,44.78,34.41,5
m_1932,467500,38,88,,,44.78,34.41,5
m_1932,467520,40,88,,,44.78,34.41,4
m_1932,467560,37,88,,,44.78,34.41,4
m_1932,467620,41,88,,,44.78,34.41,3
m_1932,467650,40,88,,,44.79,34.41,5
m_1932,467740,40,89,,,44.79,34.41,10
m_1932,467800,49,89,,,44.79,34.41,8
m_1932,467880,37,88,,,44.79,34.42,3
m_1932,467910,45,89,,,44.79,34.42,3
m_1932,468000,39,90,,,44.79,34.42,3
m_1932,468100,49,91,,,44.79,34.42,3
m_1932,468120,44,91,,,44.79,34.42,3
m_1932,468390,51,91,,,44.8,34.42,5
m_1932,468430,46,92,,,44.8,34.43,7
m_1932,468650,37,89,,,44.81,34.43,6
m_1932,468770,41,91,,,44.81,34.43,7
m_1932,468890,47,93,,,44.81,34.43,3
m_1932,469020,42,91,,,44.82,34.44,6
m_1932,469060,35,90,,,44.82,34.44,6
m_1932,469150,40,90,,,44.82,34.44,3
m_1932,469180,29,88,,,44.82,34.44,3
m_1932,469190,31,88,,,44.82,34.44,3
m_1932,469210,37,89,,,44.82,34.44,6
m_1932,469220,35,89,,,44.82,34.44,6
m_1932,469260,42,92,,,44.82,34.44,7
m_1932,469320,50,94,,,44.82,34.44,4
m_1932,469840,43,96,,,44.84,34.45,20
m_1932,469870,44,96,,,44.84,34.45,4
m_1932,469910,41,96,,,44.84,34.46,4
m_1932,469960,48,95,,,44.84,34.46,5
m_1932,470110,41,95,,,44.84,34.46,9
m_1932,470220,44,94,,,44.84,34.46,7
m_1932,470250,49,93,,,44.85,34.46,7
m_1932,470380,40,93,,,44.85,34.47,7
m_1932,470400,39,93,,,44.85,34.47,6
m_1932,470520,38,94,,,44.85,34.47,7
m_1932,470600,44,96,,,44.85,34.47,6
m_1932,470660,39,94,,,44.86,34.47,6
m_1932,470750,44,94,,,44.86,34.47,3
m_1932,470800,42,95,,,44.86,34.47,11
m_1932,470810,43,94,,,44.86,34.48,11
m_1932,470930,46,92,,,44.86,34.48,2
m_1932,471160,34,90,,,44.87,34.48,2
m_1932,471190,35,90,,,44.87,34.48,2
m_1932,471270,33,90,,,44.87,34.49,12
m_1932,471370,46,90,,,44.87,34.49,3
m_1932,471490,40,93,,,44.88,34.49,3
m_1932,471690,41,95,,,44.88,34.49,4
m_1932,471810,35,93,,,44.88,34.5,3
m_1932,471870,36,93,,,44.89,34.5,6
m_1932,471880,42,94,,,44.89,34.5,6
m_1932,471920,42,94,,,44.89,34.5,4
m_1932,472040,46,91,,,44.89,34.5,4
m_1932,472260,49,94,,,44.9,34.51,3
m_1932,472490,47,92,,,44.9,34.51,5
m_1932,472760,38,92,,,44.91,34.52,7
m_1932,472810,44,92,,,44.91,34.52,5
m_1932,472860,43,93,,,44.91,34.52,3
m_1932,472960,45,94,,,44.91,34.52,7
m_1932,472970,46,94,,,44.91,34.53,7
m_1932,473030,40,94,,,44.92,34.53,10
m_1932,473150,41,92,,,44.92,34.53,8
m_1932,473220,45,90,,,44.92,34.53,12
m_1932,473240,49,90,,,44.92,34.53,12
m_1932,473270,45,90,,,44.92,34.53,12
m_1932,473330,47,91,,,44.92,34.54,11
m_1932,473350,41,91,,,44.92,34.54,8
m_1932,473370,39,92,,,44.92,34.54,8
m_1932,473380,41,92,,,44.93,34.54,8
m_1932,473480,40,92,,,44.93,34.54,4
m_1932,473560,47,95,,,44.93,34.54,4
m_1932,473580,42,94,,,44.93,34.54,5
m_1932,473690,40,93,,,44.93,34.54,10
m_1932,473700,40,93,,,44.93,34.54,7
m_1932,474000,54,95,,,44.94,34.55,8
m_1932,474010,65,95,,,44.94,34.55,8
m_1932,474070,43,95,,,44.94,34.55,3
m_1932,474080,40,95,,,44.94,34.55,3
m_1932,474090,40,95,,,44.94,34.55,3
m_1932,474130,38,95,,,44.94,34.55,6
m_1932,474210,34,96,,,44.94,34.55,4
m_1932,474270,45,98,,,44.94,34.56,5
m_1932,474480,47,92,,,44.95,34.56,5
m_1932,474660,39,91,,,44.95,34.56,4
m_1932,474670,44,91,,,44.95,34.56,4
m_1932,474720,38,90,,,44.96,34.57,3
m_1932,474870,37,92,,,44.96,34.57,4
m_1932,475110,56,92,,,44.96,34.57,8
m_1932,475220,52,92,,,44.96,34.58,4
m_1932,475230,53,91,,,44.96,34.58,4
m_1932,475330,52,91,,,44.97,34.58,2
m_1932,475730,48,89,,,44.97,34.58,5
m_1932,475740,53,90,,,44.97,34.58,3
m_1932,475790,56,90,,,44.98,34.59,3
m_1932,475820,53,90,,,44.98,34.59,2
m_1932,475950,36,91,,,44.98,34.59,3
m_1932,476020,34,90,,,44.98,34.59,3
m_1932,476050,33,90,,,44.98,34.59,6
m_1932,476060,42,90,,,44.98,34.59,6
m_1932,476070,29,90,,,44.98,34.59,6
m_1932,476110,47,93,,,44.98,34.59,9
m_1932,476160,35,92,,,44.98,34.59,5
m_1932,476170,36,92,,,44.99,34.59,5
m_1932,476180,31,90,,,44.99,34.6,5
m_1932,476360,43,91,,,44.99,34.6,4
m_1932,476430,34,90,,,44.99,34.6,4
m_1932,476600,35,89,,,44.99,34.6,3
m_1932,476670,32,91,,,45,34.6,2
m_1932,476800,29,90,,,45,34.61,2
m_1932,476820,29,90,,,45,34.61,2
m_1932,476910,27,90,,,45,34.61,2
m_1932,476930,30,90,,,45,34.61,2
m_1932,476980,26,89,,,45,34.61,4
m_1932,477170,32,91,,,45,34.61,4
m_1932,477270,35,92,,,45.01,34.62,5
m_1932,477320,45,91,,,45.01,34.62,6
m_1932,477360,31,91,,,45.01,34.62,5
m_1932,477370,33,90,,,45.01,34.62,5
m_1932,477590,31,91,,,45.01,34.62,9
m_1932,477630,35,92,,,45.01,34.62,5
m_1932,477710,32,89,,,45.01,34.62,4
m_1932,477870,29,91,,,45.02,34.62,6
m_1932,478000,30,93,,,45.02,34.63,4
m_1932,478030,31,94,,,45.02,34.63,9
m_1932,478080,28,94,,,45.02,34.63,8
m_1932,478260,29,93,,,45.03,34.63,5
m_1932,478430,39,92,,,45.03,34.64,3
m_1932,478530,37,92,,,45.03,34.64,3
m_1932,478680,42,94,,,45.03,34.64,4
m_1932,478810,36,92,,,45.04,34.64,4
m_1932,478990,40,93,,,45.04,34.65,5
m_1932,479070,40,91,,,45.04,34.65,5
m_1932,479130,50,94,,,45.04,34.65,3
m_1932,479180,41,95,,,45.04,34.65,4
m_1932,479190,44,95,,,45.04,34.65,4
m_1932,479460,64,96,,,45.05,34.65,6
m_1932,479570,47,91,,,45.05,34.66,3
m_1932,479620,47,92,,,45.05,34.66,5
m_1932,479650,48,91,,,45.05,34.66,3
m_1932,479670,47,92,,,45.05,34.66,3
m_1932,479690,47,92,,,45.05,34.66,3
m_1932,479720,55,92,,,45.05,34.66,6
m_1932,479900,49,91,,,45.06,34.66,6
m_1932,479930,46,91,,,45.06,34.66,6
m_1932,480150,44,91,,,45.06,34.67,2
m_1932,480160,46,91,,,45.06,34.67,2
m_1932,480170,43,91,,,45.06,34.67,2
m_1932,480190,33,92,,,45.06,34.67,4
m_1932,480200,33,92,,,45.06,34.67,4
m_1932,480250,28,91,,,45.06,34.67,3
m_1932,480350,32,93,,,45.06,34.67,2
m_1932,480520,30,93,,,45.07,34.67,6
m_1932,480590,27,93,,,45.07,34.67,3
m_1932,480660,29,93,,,45.07,34.68,9
m_1932,480680,28,93,,,45.07,34.68,9
m_1932,480700,30,93,,,45.07,34.68,9
m_1932,480750,22,90,,,45.07,34.68,3
m_1932,480770,24,91,,,45.07,34.68,3
m_1932,480810,26,91,,,45.07,34.68,3
m_1932,480960,34,90,,,45.07,34.68,3
m_1932,480990,26,90,,,45.07,34.68,3
m_1932,481060,26,90,,,45.07,34.68,5
m_1932,481080,27,91,,,45.07,34.68,8
m_1932,481140,37,91,,,45.07,34.68,2
m_1932,481180,38,90,,,45.07,34.68,2
m_1932,481250,38,93,,,45.08,34.68,4
m_1932,481270,43,94,,,45.08,34.68,3
m_1932,481350,32,92,,,45.08,34.69,5
m_1932,481430,27,90,,,45.08,34.69,5
m_1932,481440,28,91,,,45.08,34.69,3
m_1932,481520,41,91,,,45.08,34.69,4
m_1932,481650,32,92,,,45.08,34.69,2
m_1932,481820,35,93,,,45.09,34.69,3
m_1932,481840,38,93,,,45.09,34.69,3
m_1932,481900,31,91,,,45.09,34.7,5
m_1932,481910,34,92,,,45.09,34.7,5
m_1932,481940,33,92,,,45.09,34.7,5
m_1932,481980,33,91,,,45.09,34.7,5
m_1932,482150,43,92,,,45.09,34.7,3
m_1932,482290,34,93,,,45.09,34.7,6
m_1932,482470,52,96,,,45.1,34.71,5
m_1932,482730,38,92,,,45.1,34.71,4
m_1932,482750,31,92,,,45.1,34.71,4
m_1932,482770,29,92,,,45.1,34.71,6
m_1932,482910,33,94,,,45.1,34.71,3
m_1932,482980,32,93,,,45.1,34.71,7
m_1932,482990,32,93,,,45.1,34.71,7
m_1932,483080,31,93,,,45.11,34.72,15
m_1932,483130,27,91,,,45.11,34.72,3
m_1932,483400,40,92,,,45.11,34.72,5
m_1932,483430,47,93,,,45.11,34.72,5
m_1932,483460,36,92,,,45.11,34.72,5
m_1932,483480,34,92,,,45.11,34.72,4
m_1932,483550,33,92,,,45.12,34.72,3
m_1932,483690,28,93,,,45.12,34.73,7
m_1932,483750,30,94,,,45.12,34.73,4
m_1932,483830,32,94,,,45.12,34.73,2
m_1932,483990,29,94,,,45.12,34.73,3
m_1932,484330,46,95,,,45.13,34.74,10
m_1932,484450,30,93,,,45.13,34.74,7
m_1932,484460,28,93,,,45.13,34.74,7
m_1932,484480,29,93,,,45.13,34.74,7
m_1932,484670,28,91,,,45.13,34.74,12
m_1932,484740,31,91,,,45.14,34.74,9
m_1932,484790,28,90,,,45.14,34.75,9
m_1932,484800,28,90,,,45.14,34.75,13
m_1932,484870,29,90,,,45.14,34.75,8
m_1932,485040,28,91,,,45.14,34.75,11
m_1932,485060,28,92,,,45.14,34.75,11
m_1932,485230,28,92,,,45.15,34.75,6
m_1932,485310,26,91,,,45.15,34.76,6
m_1932,485340,26,91,,,45.15,34.76,4
m_1932,485480,29,93,,,45.15,34.76,3
m_1932,485540,36,95,,,45.15,34.76,2
m_1932,485560,36,95,,,45.15,34.76,2
m_1932,485580,33,95,,,45.15,34.76,4
m_1932,485600,34,96,,,45.15,34.76,4
m_1932,485750,31,95,,,45.16,34.77,3
m_1932,485770,32,95,,,45.16,34.77,3
m_1932,485810,35,96,,,45.16,34.77,3
m_1932,485970,38,96,,,45.16,34.77,2
m_1932,486070,34,95,,,45.16,34.77,3
m_1932,486090,35,95,,,45.16,34.77,3
m_1932,486180,33,96,,,45.16,34.77,4
m_1932,486200,35,96,,,45.16,34.77,4
m_1932,486350,31,94,,,45.16,34.78,2
m_1932,486460,28,93,,,45.17,34.78,3
m_1932,486690,29,93,,,45.17,34.78,6
m_1932,486700,27,93,,,45.17,34.78,6
m_1932,486860,37,94,,,45.17,34.79,3
m_1932,486950,32,95,,,45.18,34.79,5
m_1932,487040,33,95,,,45.18,34.79,3
m_1932,487060,32,95,,,45.18,34.79,3
m_1932,487070,29,95,,,45.18,34.79,3
m_1932,487080,30,95,,,45.18,34.79,2
m_1932,487470,26,92,,,45.19,34.8,3
m_1932,487510,29,91,,,45.19,34.8,2
m_1932,487580,27,91,,,45.19,34.8,3
m_1932,487670,32,94,,,45.19,34.8,5
m_1932,487680,38,94,,,45.19,34.8,9
m_1932,487740,26,92,,,45.19,34.8,7
m_1932,487870,39,92,,,45.19,34.8,3
m_1932,487910,37,94,,,45.19,34.8,3
m_1932,488010,27,92,,,45.2,34.81,4
m_1932,488020,25,91,,,45.2,34.81,4
m_1932,488080,38,94,,,45.2,34.81,3
m_1932,488090,34,94,,,45.2,34.81,3
m_1932,488150,32,93,,,45.2,34.81,4
m_1932,488170,40,93,,,45.2,34.81,3
m_1932,488230,29,92,,,45.2,34.81,3
m_1932,488390,27,91,,,45.2,34.81,6
m_1932,488480,78,96,,,45.21,34.81,11
m_1932,488590,38,95,,,45.21,34.82,8
m_1932,488660,31,95,,,45.21,34.82,5
m_1932,488730,40,96,,,45.21,34.82,8
m_1932,488740,39,96,,,45.21,34.82,8
m_1932,488780,36,96,,,45.21,34.82,6
m_1932,488860,47,97,,,45.21,34.82,7
m_1932,488880,45,97,,,45.21,34.82,4
m_1932,488910,44,97,,,45.21,34.82,4
m_1932,488950,36,96,,,45.21,34.82,4
m_1932,489170,28,92,,,45.22,34.82,3
m_1932,489220,31,93,,,45.22,34.82,2
m_1932,489400,39,93,,,45.22,34.83,4
m_1932,489580,26,91,,,45.22,34.83,4
m_1932,489660,34,92,,,45.22,34.83,3
m_1932,489680,31,93,,,45.22,34.83,3
m_1932,489740,38,94,,,45.23,34.83,4
m_1932,489850,31,93,,,45.23,34.83,3
m_1932,489880,31,92,,,45.23,34.83,3
m_1932,489890,31,92,,,45.23,34.83,3
m_1932,489930,33,93,,,45.23,34.84,3
m_1932,489940,33,93,,,45.23,34.84,3
m_1932,489970,30,92,,,45.23,34.84,2
m_1932,490170,30,93,,,45.23,34.84,3
m_1932,490400,27,92,,,45.24,34.84,3
m_1932,490470,35,95,,,45.24,34.84,3
m_1932,490720,29,91,,,45.24,34.85,3
m_1932,490760,31,91,,,45.24,34.85,4
m_1932,490820,32,91,,,45.24,34.85,3
m_1932,490990,32,91,,,45.25,34.85,3
m_1932,491200,31,94,,,45.25,34.85,2
m_1932,491380,34,94,,,45.25,34.86,2
m_1932,491450,33,93,,,45.25,34.86,4
m_1932,491510,42,94,,,45.25,34.86,3
m_1932,491520,44,93,,,45.25,34.86,4
m_1932,491670,26,93,,,45.26,34.86,3
m_1932,491800,30,94,,,45.26,34.86,2
m_1932,491830,33,94,,,45.26,34.86,2
m_1932,491850,25,93,,,45.26,34.86,2
m_1932,491900,25,94,,,45.26,34.86,3
m_1932,491960,31,95,,,45.26,34.86,7
m_1932,492000,31,94,,,45.26,34.86,2
m_1932,492080,26,94,,,45.26,34.86,3
m_1932,492180,39,94,,,45.26,34.87,2
m_1932,492210,31,95,,,45.26,34.87,2
m_1932,492260,30,95,,,45.26,34.87,2
m_1932,492320,31,95,,,45.26,34.87,3
m_1932,492530,28,96,,,45.27,34.87,2
m_1932,492580,32,95,,,45.27,34.87,2
m_1932,492650,36,96,,,45.27,34.87,3
m_1932,492780,25,94,,,45.27,34.87,2
m_1932,492850,25,94,,,45.27,34.87,2
m_1932,492930,26,93,,,45.27,34.88,3
m_1932,492970,27,93,,,45.27,34.88,6
m_1932,493040,22,93,,,45.27,34.88,3
m_1932,493320,23,93,,,45.28,34.88,3
m_1932,493380,33,94,,,45.28,34.88,2
m_1932,493390,30,95,,,45.28,34.88,2
m_1932,493430,28,94,,,45.28,34.88,2
m_1932,493570,27,94,,,45.28,34.88,2
m_1932,493730,24,94,,,45.28,34.89,2
m_1932,493810,27,93,,,45.28,34.89,2
m_1932,493830,23,93,,,45.28,34.89,2
m_1932,493900,22,92,,,45.28,34.89,2
m_1932,493990,22,93,,,45.28,34.89,2
m_1932,494130,26,92,,,45.29,34.89,3
m_1932,494160,24,91,,,45.29,34.89,2
m_1932,494250,23,92,,,45.29,34.89,2
m_1932,494310,18,91,,,45.29,34.89,2
m_1932,494510,19,91,,,45.29,34.9,2
m_1932,494520,18,91,,,45.29,34.9,6
m_1932,494590,17,91,,,45.29,34.9,3
m_1932,494670,17,92,,,45.29,34.9,2
m_1932,494730,18,92,,,45.29,34.9,2
m_1932,494750,19,92,,,45.29,34.9,2
m_1932,494860,26,93,,,45.3,34.9,2
m_1932,494900,22,92,,,45.3,34.9,4
m_1932,494910,18,92,,,45.3,34.9,4
m_1932,495140,26,94,,,45.3,34.9,4
m_1932,495230,28,94,,,45.3,34.9,4
m_1932,495300,25,93,,,45.3,34.91,4
m_1932,495490,25,94,,,45.3,34.91,4
m_1932,495500,25,94,,,45.3,34.91,4
m_1932,495690,23,94,,,45.31,34.91,4
m_1932,495780,36,95,,,45.31,34.91,4
m_1932,495870,23,96,,,45.31,34.91,3
m_1932,495910,25,96,,,45.31,34.91,3
m_1932,496170,32,97,,,45.32,34.92,5
m_1932,496180,30,96,,,45.32,34.92,5
m_1932,496220,51,98,,,45.32,34.92,3
m_1932,496280,46,95,,,45.32,34.92,5
m_1932,496380,45,93,,,45.32,34.92,3
m_1932,496500,46,94,,,45.32,34.92,2
m_1932,496600,47,91,,,45.32,34.92,3
m_1932,496670,46,92,,,45.32,34.92,6
m_1932,496860,26,91,,,45.32,34.93,3
m_1932,496980,21,91,,,45.33,34.93,3
m_1932,497080,26,91,,,45.33,34.93,3
m_1932,497110,24,91,,,45.33,34.93,3
m_1932,497290,24,91,,,45.33,34.93,3
m_1932,497530,30,91,,,45.33,34.94,3
m_1932,497720,25,93,,,45.34,34.94,2
m_1932,497840,39,93,,,45.34,34.94,3
m_1932,497870,23,91,,,45.34,34.94,3
m_1932,497970,23,92,,,45.34,34.94,2
m_1932,498070,22,91,,,45.34,34.95,2
m_1932,498310,28,92,,,45.35,34.95,3
m_1932,498360,19,92,,,45.35,34.95,2
m_1932,498440,22,93,,,45.35,34.95,2
m_1932,498520,19,92,,,45.35,34.95,2
m_1932,498630,28,93,,,45.35,34.95,2
m_1932,498940,23,92,,,45.36,34.96,3
m_1932,499020,19,91,,,45.36,34.96,3
m_1932,499110,25,94,,,45.36,34.96,2
m_1932,499130,26,93,,,45.36,34.96,2
m_1932,499150,23,93,,,45.36,34.96,4
m_1932,499180,35,93,,,45.36,34.96,4
m_1932,499340,24,93,,,45.36,34.97,3
m_1932,499370,22,94,,,45.36,34.97,3
m_1932,499460,20,94,,,45.36,34.97,8
m_1932,499510,25,95,,,45.37,34.97,3
m_1932,499970,18,93,,,45.37,34.97,6
m_1932,500010,16,93,,,45.37,34.98,7
m_1932,500130,22,93,,,45.37,34.98,7
m_1932,500230,19,93,,,45.38,34.98,5
m_1932,500410,20,93,,,45.38,34.98,6
m_1932,500440,18,92,,,45.38,34.98,6
m_1932,500450,16,91,,,45.38,34.98,6
m_1932,500490,20,92,,,45.38,34.98,2
m_1932,500650,22,91,,,45.38,34.98,2
m_1932,500810,30,93,,,45.38,34.99,4
m_1932,500980,19,92,,,45.38,34.99,5
m_1932,501140,17,92,,,45.39,34.99,2
m_1932,501310,25,92,,,45.39,34.99,2
m_1932,501400,28,93,,,45.39,34.99,2
m_1932,501420,19,93,,,45.39,34.99,3
m_1932,501570,24,95,,,45.39,35,4
m_1932,501610,25,94,,,45.39,35,5
m_1932,501690,18,93,,,45.4,35,3
m_1932,501830,20,92,,,45.4,35,3
m_1932,501850,21,92,,,45.4,35,2
m_1932,501870,19,92,,,45.4,35,2
m_1932,501900,19,92,,,45.4,35,2
m_1932,502070,15,92,,,45.4,35,2
m_1932,502130,19,93,,,45.4,35,2
m_1932,502160,17,93,,,45.4,35,2
m_1932,502290,18,94,,,45.4,35.01,2
m_1932,502630,35,95,,,45.41,35.01,3
m_1932,502720,23,94,,,45.41,35.01,3
m_1932,503070,24,93,,,45.41,35.02,3
m_1932,503140,25,94,,,45.41,35.02,2
m_1932,503150,25,95,,,45.41,35.02,2
m_1932,503210,31,94,,,45.41,35.02,4
m_1932,503380,33,95,,,45.42,35.02,3
m_1932,503450,26,96,,,45.42,35.02,3
m_1932,503470,25,96,,,45.42,35.02,3
m_1932,503520,20,96,,,45.42,35.02,2
m_1932,503540,22,96,,,45.42,35.02,2
m_1932,503680,23,96,,,45.42,35.02,2
m_1932,503710,26,96,,,45.42,35.02,3
m_1932,503890,22,95,,,45.42,35.03,3
m_1932,504120,25,95,,,45.43,35.03,3
m_1932,504140,39,96,,,45.43,35.03,3
m_1932,504160,33,96,,,45.43,35.03,3
m_1932,504350,29,97,,,45.43,35.03,3
m_1932,504380,29,97,,,45.43,35.04,2
m_1932,504410,29,97,,,45.43,35.04,2
m_1932,504590,27,95,,,45.43,35.04,3
m_1932,504710,31,95,,,45.44,35.04,2
m_1932,504750,27,95,,,45.44,35.04,3
m_1932,504850,34,96,,,45.44,35.04,3
m_1932,504950,32,94,,,45.44,35.04,3
m_1932,505020,31,93,,,45.44,35.05,2
m_1932,505180,32,94,,,45.44,35.05,2
m_1932,505190,31,94,,,45.44,35.05,2
m_1932,505230,33,95,,,45.45,35.05,4
m_1932,505270,32,95,,,45.45,35.05,3
m_1932,505370,28,95,,,45.45,35.05,3
m_1932,505390,23,94,,,45.45,35.05,3
m_1932,505510,29,93,,,45.45,35.05,4
m_1932,505640,22,92,,,45.45,35.06,3
m_1932,505900,34,95,,,45.46,35.06,4
m_1932,505990,29,95,,,45.46,35.06,2
m_1932,506000,30,95,,,45.46,35.06,2
m_1932,506110,30,95,,,45.46,35.06,3
m_1932,506150,27,95,,,45.46,35.06,3
m_1932,506660,23,94,,,45.47,35.07,4
m_1932,506710,31,95,,,45.47,35.08,2
m_1932,506760,27,94,,,45.47,35.08,3
m_1932,506800,30,95,,,45.47,35.08,3
m_1932,506880,29,96,,,45.47,35.08,2
m_1932,506980,27,96,,,45.48,35.08,2
m_1932,507040,36,97,,,45.48,35.08,3
m_1932,507330,23,93,,,45.48,35.08,2
m_1932,507440,45,93,,,45.48,35.09,2
m_1932,507460,44,93,,,45.48,35.09,2
m_1932,507490,44,93,,,45.48,35.09,4
m_1932,507770,45,93,,,45.49,35.09,3
m_1932,507820,48,94,,,45.49,35.09,2
m_1932,507860,47,94,,,45.49,35.09,4
m_1932,507920,47,93,,,45.49,35.09,3
m_1932,508010,26,93,,,45.49,35.09,3
m_1932,508150,28,93,,,45.49,35.1,2
m_1932,508160,29,93,,,45.49,35.1,2
m_1932,508270,31,94,,,45.49,35.1,5
m_1932,508360,33,93,,,45.49,35.1,3
m_1932,508410,24,93,,,45.49,35.1,7
m_1932,508420,24,92,,,45.49,35.1,7
m_1932,508460,27,94,,,45.5,35.1,3
m_1932,508470,28,95,,,45.5,35.1,3
m_1932,508500,35,94,,,45.5,35.1,3
m_1932,508540,35,94,,,45.5,35.1,3
m_1932,508890,30,95,,,45.5,35.11,6
m_1932,508910,34,96,,,45.5,35.11,6
m_1932,508940,27,96,,,45.51,35.11,4
m_1932,509010,25,95,,,45.51,35.11,4
m_1932,509210,27,97,,,45.51,35.11,2
m_1932,509450,46,97,,,45.51,35.12,2
m_1932,509540,36,93,,,45.52,35.12,6
m_1932,509550,32,92,,,45.52,35.12,6
m_1932,509640,35,93,,,45.52,35.12,3
m_1932,509700,27,92,,,45.52,35.12,3
m_1932,509840,40,94,,,45.52,35.12,2
m_1932,509980,26,90,,,45.53,35.13,5
m_1932,510070,40,91,,,45.53,35.13,4
m_1932,510290,25,91,,,45.53,35.13,2
m_1932,510320,27,91,,,45.53,35.13,3
m_1932,510360,32,91,,,45.53,35.13,3
m_1932,510400,35,93,,,45.53,35.13,3
m_1932,510420,27,92,,,45.53,35.13,6
m_1932,510450,30,92,,,45.53,35.13,6
m_1932,510700,29,93,,,45.54,35.14,3
m_1932,510740,31,94,,,45.54,35.14,3
m_1932,510760,32,94,,,45.54,35.14,3
m_1932,510780,32,94,,,45.54,35.14,3
m_1932,510790,35,94,,,45.54,35.14,3
m_1932,510870,32,94,,,45.54,35.14,3
m_1932,511000,39,93,,,45.54,35.14,2
m_1932,511050,28,92,,,45.54,35.14,3
m_1932,511100,28,93,,,45.55,35.14,3
m_1932,511310,37,92,,,45.55,35.15,3
m_1932,511360,28,92,,,45.55,35.15,4
m_1932,511500,43,93,,,45.55,35.15,8
m_1932,511520,45,94,,,45.55,35.15,8
m_1932,511680,28,92,,,45.56,35.15,3
m_1932,511800,31,92,,,45.56,35.16,3
m_1932,511910,29,91,,,45.56,35.16,3
m_1932,511940,23,90,,,45.56,35.16,4
m_1932,512010,26,91,,,45.56,35.16,3
m_1932,512050,27,91,,,45.56,35.16,4
m_1932,512060,25,91,,,45.56,35.16,4
m_1932,512090,24,91,,,45.56,35.16,4
m_1932,512100,23,92,,,45.56,35.16,5
m_1932,512260,30,92,,,45.57,35.17,3
m_1932,512390,29,91,,,45.57,35.17,4
m_1932,512440,27,92,,,45.57,35.17,2
m_1932,512480,27,92,,,45.57,35.17,2
m_1932,512640,26,93,,,45.57,35.17,2
m_1932,512660,27,92,,,45.57,35.17,2
m_1932,512720,33,93,,,45.57,35.17,3
m_1932,512730,31,92,,,45.57,35.17,3
m_1932,512780,28,92,,,45.57,35.17,4
m_1932,512940,31,92,,,45.58,35.18,3
m_1932,512960,49,93,,,45.58,35.18,3
m_1932,512980,31,93,,,45.58,35.18,3
m_1932,512990,31,93,,,45.58,35.18,3
m_1932,513130,34,92,,,45.58,35.18,5
m_1932,513230,29,93,,,45.58,35.18,4
m_1932,513260,27,93,,,45.58,35.18,4
m_1932,513280,25,91,,,45.58,35.18,4
m_1932,513360,30,92,,,45.59,35.18,4
m_1932,513440,26,92,,,45.59,35.18,4
m_1932,513460,26,93,,,45.59,35.19,4
m_1932,513820,25,92,,,45.59,35.19,4
m_1932,513830,26,93,,,45.59,35.19,4
m_1932,513990,23,93,,,45.6,35.19,3
m_1932,514060,21,92,,,45.6,35.19,3
m_1932,514070,26,92,,,45.6,35.19,3
m_1932,514110,30,93,,,45.6,35.2,3
m_1932,514200,36,93,,,45.6,35.2,3
m_1932,514340,25,92,,,45.6,35.2,3
m_1932,514370,27,93,,,45.6,35.2,3
m_1932,514480,25,92,,,45.6,35.2,3
m_1932,514790,24,93,,,45.61,35.21,3
m_1932,514890,28,93,,,45.61,35.21,4
m_1932,514920,31,93,,,45.61,35.21,6
m_1932,515030,35,95,,,45.61,35.21,4
m_1932,515110,34,96,,,45.62,35.21,9
m_1932,515130,32,96,,,45.62,35.21,9
m_1932,515250,23,92,,,45.62,35.21,3
m_1932,515320,24,92,,,45.62,35.22,3
m_1932,515470,26,94,,,45.62,35.22,4
m_1932,515670,24,95,,,45.62,35.22,5
m_1932,515730,23,95,,,45.63,35.22,4
m_1932,515740,24,96,,,45.63,35.22,4
m_1932,515860,21,97,,,45.63,35.22,3
m_1932,515920,24,97,,,45.63,35.22,3
m_1932,515930,20,96,,,45.63,35.22,3
m_1932,516150,34,93,,,45.63,35.23,2
m_1932,516210,28,92,,,45.63,35.23,6
m_1932,516460,21,92,,,45.64,35.23,2
m_1932,516500,23,92,,,45.64,35.23,3
m_1932,516650,30,94,,,45.64,35.23,4
m_1932,516740,24,93,,,45.64,35.24,5
m_1932,516750,25,93,,,45.64,35.24,5
m_1932,516780,26,93,,,45.64,35.24,4
m_1932,516790,24,93,,,45.64,35.24,4
m_1932,516850,25,94,,,45.64,35.24,3
m_1932,516880,29,94,,,45.64,35.24,3
m_1932,516980,23,94,,,45.64,35.24,4
m_1932,517000,24,94,,,45.64,35.24,4
m_1932,517020,25,94,,,45.64,35.24,2
m_1932,517050,22,94,,,45.64,35.24,2
m_1932,517150,19,93,,,45.65,35.24,3
m_1932,517190,21,94,,,45.65,35.24,3
m_1932,517270,27,93,,,45.65,35.24,4
m_1932,517300,24,93,,,45.65,35.24,4
m_1932,517340,24,93,,,45.65,35.24,5
m_1932,517350,22,93,,,45.65,35.24,5
m_1932,517430,23,93,,,45.65,35.24,4
m_1932,517580,22,94,,,45.65,35.25,3
m_1932,518010,26,96,,,45.66,35.25,3
m_1932,518160,22,95,,,45.66,35.25,3
m_1932,518250,29,94,,,45.66,35.25,6
m_1932,518270,24,95,,,45.66,35.25,6
m_1932,518290,22,94,,,45.66,35.25,4
m_1932,518310,23,95,,,45.66,35.25,4
m_1932,518320,22,95,,,45.66,35.25,4
m_1932,518330,25,96,,,45.66,35.25,4
m_1932,518430,24,95,,,45.66,35.26,6
m_1932,518450,26,95,,,45.66,35.26,6
m_1932,518460,24,95,,,45.66,35.26,8
m_1932,518740,28,95,,,45.67,35.26,2
m_1932,518950,33,96,,,45.67,35.26,5
m_1932,518970,31,95,,,45.67,35.27,5
m_1932,519120,35,96,,,45.68,35.27,7
m_1932,519130,37,95,,,45.68,35.27,7
m_1932,519160,35,96,,,45.68,35.27,7
m_1932,519320,38,96,,,45.68,35.27,13
m_1932,519470,36,97,,,45.68,35.27,6
m_1932,519610,50,96,,,45.68,35.28,12
m_1932,519640,53,96,,,45.69,35.28,12
m_1932,519850,37,92,,,45.69,35.28,4
m_1932,519970,40,94,,,45.69,35.28,3
m_1932,520300,36,93,,,45.7,35.29,2
m_1932,520350,35,91,,,45.7,35.29,8
m_1932,520370,34,91,,,45.7,35.29,8
m_1932,520510,26,89,,,45.7,35.29,4
m_1932,520530,24,89,,,45.7,35.29,4
m_1932,520570,21,87,,,45.7,35.29,3
m_1932,520630,26,88,,,45.7,35.29,3
m_1932,520910,28,91,,,45.71,35.29,6
m_1932,521120,34,92,,,45.71,35.3,9
m_1932,521190,38,89,,,45.71,35.3,8
m_1932,521250,37,89,,,45.71,35.3,8
m_1932,521270,41,90,,,45.71,35.3,8
m_1932,521320,40,90,,,45.71,35.3,5
m_1932,521330,42,91,,,45.71,35.3,5
m_1932,521390,41,92,,,45.72,35.3,4
m_1932,521430,36,90,,,45.72,35.3,7
m_1932,521580,39,90,,,45.72,35.3,6
m_1932,521760,46,92,,,45.72,35.31,6
m_1932,521960,37,91,,,45.73,35.31,4
m_1932,522010,36,90,,,45.73,35.31,2
m_1932,522160,63,93,,,45.73,35.31,6
m_1932,522240,42,92,,,45.73,35.31,4
m_1932,522340,45,91,,,45.74,35.32,5
m_1932,522370,53,92,,,45.74,35.32,3
m_1932,522470,39,97,,,45.74,35.32,3
m_1932,522690,36,91,,,45.74,35.32,6
m_1932,522770,33,92,,,45.74,35.32,3
m_1932,522910,42,92,,,45.75,35.32,5
m_1932,523020,41,93,,,45.75,35.33,3
m_1932,523230,31,83,,,45.75,35.33,8
m_1932,523260,27,82,,,45.75,35.33,5
m_1932,523520,43,85,,,45.76,35.33,2
m_1932,523640,43,86,,,45.76,35.33,6
m_1932,523650,41,86,,,45.76,35.33,6
m_1932,523730,38,87,,,45.76,35.34,7
m_1932,523860,41,86,,,45.76,35.34,3
m_1932,523960,42,85,,,45.76,35.34,2
m_1932,524050,32,84,,,45.77,35.34,6
m_1932,524070,35,85,,,45.77,35.34,6
m_1932,524150,31,85,,,45.77,35.34,12
m_1932,524270,38,87,,,45.77,35.34,3
m_1932,524480,52,91,,,45.77,35.35,12
m_1932,524500,47,90,,,45.78,35.35,12
m_1932,524700,41,91,,,45.78,35.35,6
m_1932,524750,38,91,,,45.78,35.35,6
m_1932,524780,40,90,,,45.78,35.35,3
m_1932,524810,37,90,,,45.78,35.35,3
m_1932,524980,39,89,,,45.79,35.36,7
m_1932,525270,39,88,,,45.79,35.36,3
m_1932,525300,41,88,,,45.8,35.36,4
m_1932,525310,42,88,,,45.8,35.36,4
m_1932,525340,40,87,,,45.8,35.36,4
m_1932,525350,36,86,,,45.8,35.36,4
m_1932,525530,31,86,,,45.8,35.36,4
m_1932,525550,39,85,,,45.8,35.37,4
m_1932,525750,31,86,,,45.81,35.37,5
m_1932,525770,44,87,,,45.81,35.37,5
m_1932,525850,40,89,,,45.81,35.37,3
m_1932,525870,36,88,,,45.81,35.37,3
m_1932,525940,37,88,,,45.81,35.37,7
m_1932,525960,38,89,,,45.81,35.37,5
m_1932,525970,40,89,,,45.81,35.37,5
m_1932,526000,37,89,,,45.82,35.37,5
m_1932,526050,46,91,,,45.82,35.37,6
m_1932,526100,62,90,,,45.82,35.38,3
m_1932,526180,48,90,,,45.82,35.38,6
m_1932,526210,44,90,,,45.82,35.38,8
m_1932,526370,40,92,,,45.82,35.38,10
m_1932,526480,42,89,,,45.83,35.38,4
m_1932,526650,33,86,,,45.83,35.39,9
m_1932,526700,40,88,,,45.83,35.39,17
m_1932,526830,45,86,,,45.84,35.39,8
m_1932,526960,32,87,,,45.84,35.39,8
m_1932,526980,36,87,,,45.84,35.39,5
m_1932,527040,35,87,,,45.84,35.39,5
m_1932,527070,34,86,,,45.84,35.39,5
m_1932,527090,39,86,,,45.84,35.39,5
m_1932,527260,39,87,,,45.85,35.4,4
m_1932,527370,35,88,,,45.85,35.4,5
m_1932,527390,33,88,,,45.85,35.4,5
m_1932,527530,43,88,,,45.85,35.4,6
m_1932,527700,32,90,,,45.86,35.4,5
m_1932,527800,29,88,,,45.86,35.41,5
m_1932,527840,28,87,,,45.86,35.41,5
m_1932,527850,29,86,,,45.86,35.41,5
m_1932,528020,29,89,,,45.87,35.41,8
m_1932,528140,33,89,,,45.87,35.41,6
m_1932,528200,42,88,,,45.87,35.41,5
m_1932,528260,27,87,,,45.87,35.41,5
m_1932,528310,36,88,,,45.87,35.41,5
m_1932,528360,53,90,,,45.87,35.41,3
m_1932,528430,37,87,,,45.87,35.42,4
m_1932,528490,34,87,,,45.87,35.42,4
m_1932,528520,34,87,,,45.87,35.42,4
m_1932,528530,31,87,,,45.87,35.42,4
m_1932,528630,31,88,,,45.88,35.42,3
m_1932,528670,36,89,,,45.88,35.42,3
m_1932,528820,28,87,,,45.88,35.42,5
m_1932,528930,31,85,,,45.88,35.42,5
m_1932,528970,33,86,,,45.88,35.42,3
m_1932,529090,36,87,,,45.89,35.42,4
m_1932,529100,36,88,,,45.89,35.42,4
m_1932,529130,36,89,,,45.89,35.42,4
m_1932,529140,36,90,,,45.89,35.42,11
m_1932,529200,37,91,,,45.89,35.43,8
m_1932,529410,41,91,,,45.9,35.43,7
m_1932,529440,44,90,,,45.9,35.43,11
m_1932,529450,44,90,,,45.9,35.43,11
m_1932,529510,41,91,,,45.9,35.43,7
m_1932,529610,42,91,,,45.9,35.43,5
m_1932,529680,42,91,,,45.91,35.43,4
m_1932,529710,44,92,,,45.91,35.43,4
m_1932,529840,42,95,,,45.91,35.44,6
m_1932,530270,37,90,,,45.92,35.44,3
m_1932,530300,41,92,,,45.92,35.44,7
m_1932,530320,44,93,,,45.93,35.44,7
m_1932,530340,37,92,,,45.93,35.44,15
m_1932,530430,36,92,,,45.93,35.45,19
m_1932,530450,36,93,,,45.93,35.45,19
m_1932,530510,34,93,,,45.93,35.45,10
m_1932,530520,37,93,,,45.93,35.45,4
m_1932,530580,28,89,,,45.93,35.45,7
m_1932,530600,30,89,,,45.93,35.45,7
m_1932,530700,36,92,,,45.94,35.45,10
m_1932,531040,33,89,,,45.95,35.46,8
m_1932,531090,31,89,,,45.95,35.46,13
m_1932,531100,32,89,,,45.95,35.46,13
m_1932,531130,29,88,,,45.95,35.46,8
m_1932,531240,32,89,,,45.95,35.46,5
m_1932,531350,35,92,,,45.95,35.46,9
m_1932,531500,54,96,,,45.96,35.46,5
m_1932,531580,42,94,,,45.96,35.46,6
m_1932,531620,45,95,,,45.96,35.47,6
m_1932,531660,40,90,,,45.96,35.47,7
m_1932,531730,48,94,,,45.96,35.47,10
m_1932,531880,49,94,,,45.97,35.47,9
m_1932,531980,46,92,,,45.97,35.47,7
m_1932,532000,46,94,,,45.97,35.47,7
m_1932,532030,44,92,,,45.97,35.47,11
m_1932,532190,72,95,,,45.98,35.48,7
m_1932,532220,64,95,,,45.98,35.48,5
m_1932,532250,38,94,,,45.98,35.48,5
m_1932,532280,40,94,,,45.98,35.48,5
m_1932,532550,47,96,,,45.99,35.48,31
m_1932,532580,45,92,,,45.99,35.48,29
m_1932,532770,35,91,,,45.99,35.49,8
m_1932,532820,38,90,,,46,35.49,13
m_1932,533100,42,93,,,46,35.49,6
m_1932,533290,47,94,,,46.01,35.5,8
m_1932,533300,50,93,,,46.01,35.5,8
m_1932,533320,44,93,,,46.01,35.5,8
m_1932,533340,39,92,,,46.01,35.5,21
m_1932,533360,36,92,,,46.01,35.5,21
m_1932,533450,41,94,,,46.01,35.5,17
m_1932,533640,50,94,,,46.02,35.5,17
m_1932,533690,56,95,,,46.02,35.5,17
m_1932,533710,50,95,,,46.02,35.51,10
m_1932,533880,48,95,,,46.02,35.51,11
m_1932,533980,50,94,,,46.03,35.51,16
m_1932,534000,54,94,,,46.03,35.51,18
m_1932,534030,46,94,,,46.03,35.51,18
m_1932,534210,43,94,,,46.03,35.52,14
m_1932,534360,59,95,,,46.04,35.52,15
m_1932,534390,57,96,,,46.04,35.52,15
m_1932,534400,55,95,,,46.04,35.52,15
m_1932,534430,49,96,,,46.04,35.52,10
m_1932,534470,50,97,,,46.04,35.52,10
m_1932,534590,45,95,,,46.04,35.52,15
m_1932,534600,43,96,,,46.04,35.52,13
m_1932,534640,37,94,,,46.04,35.52,13
m_1932,534660,33,91,,,46.04,35.52,11
m_1932,534710,46,93,,,46.05,35.52,11
m_1932,534780,36,93,,,46.05,35.53,9
m_1932,534790,47,93,,,46.05,35.53,9
m_1932,534880,37,92,,,46.05,35.53,8
m_1932,535000,38,94,,,46.05,35.53,9
m_1932,535010,37,95,,,46.05,35.53,9
m_1932,535050,32,94,,,46.05,35.53,5
m_1932,535070,30,93,,,46.05,35.53,5
m_1932,535090,32,94,,,46.05,35.53,12
m_1932,535130,39,95,,,46.05,35.53,12
m_1932,535150,37,94,,,46.05,35.53,7
m_1932,535170,36,93,,,46.05,35.53,7
m_1932,535270,46,95,,,46.06,35.53,10
m_1932,535290,37,92,,,46.06,35.53,10
m_1932,535640,43,94,,,46.06,35.54,6
m_1932,535760,49,97,,,46.07,35.54,5
m_1932,535770,46,97,,,46.07,35.54,5
m_1932,535990,35,91,,,46.08,35.54,3
m_1932,536070,29,90,,,46.08,35.54,3
m_1932,536080,28,90,,,46.08,35.54,3
m_1932,536100,30,90,,,46.08,35.54,4
m_1932,536280,43,92,,,46.08,35.55,6
m_1932,536600,47,97,,,46.09,35.55,5
m_1932,536640,52,95,,,46.09,35.55,5
m_1932,536840,49,97,,,46.09,35.56,6
m_1932,536850,50,97,,,46.09,35.56,6
m_1932,536950,53,94,,,46.09,35.56,8
m_1932,537000,55,94,,,46.1,35.56,13
m_1932,537070,61,96,,,46.1,35.56,15
m_1932,537120,57,94,,,46.1,35.56,17
m_1932,537150,52,95,,,46.1,35.56,17
m_1932,537160,53,95,,,46.1,35.56,17
m_1932,537190,49,94,,,46.1,35.57,11
m_1932,537250,46,94,,,46.1,35.57,11
m_1932,537280,52,93,,,46.1,35.57,11
m_1932,537600,53,95,,,46.11,35.58,7
m_1932,537640,47,92,,,46.11,35.58,7
m_1932,537650,48,93,,,46.11,35.58,7
m_1932,537760,41,92,,,46.11,35.58,8
m_1932,537790,40,92,,,46.12,35.58,7
m_1932,537860,40,91,,,46.12,35.58,5
m_1932,538040,51,96,,,46.12,35.59,7
m_1932,538210,55,94,,,46.13,35.59,12
m_1932,538260,51,94,,,46.13,35.59,14
m_1932,538570,55,95,,,46.14,35.6,27
m_1932,538580,51,95,,,46.14,35.6,27
m_1932,538590,56,95,,,46.14,35.6,27
m_1932,538670,46,92,,,46.15,35.6,20
m_1932,538730,56,93,,,46.15,35.61,13
m_1932,538810,49,92,,,46.15,35.61,13
m_1932,538840,55,92,,,46.15,35.61,13
m_1932,539040,62,95,,,46.15,35.61,26
m_1932,539180,51,93,,,46.16,35.61,17
m_1932,539350,56,93,,,46.16,35.62,11
m_1932,539640,44,91,,,46.17,35.62,16
m_1932,539900,56,93,,,46.17,35.63,11
m_1932,539980,46,91,,,46.18,35.63,8
m_1932,540030,55,93,,,46.18,35.63,6
m_1932,540050,56,94,,,46.18,35.63,6
m_1932,540480,81,95,,,46.19,35.64,4
m_1932,540530,81,94,,,46.2,35.64,4
m_1932,540660,78,91,,,46.2,35.64,9
m_1932,540790,81,92,,,46.21,35.64,6
m_1932,540850,79,92,,,46.21,35.64,10
m_1932,540940,82,92,,,46.22,35.64,9
m_1932,540960,83,92,,,46.22,35.64,11
m_1932,541060,79,92,,,46.22,35.65,7
m_1932,541220,66,91,,,46.23,35.65,7
m_1932,541320,58,93,,,46.23,35.65,11
m_1932,541380,57,93,,,46.23,35.65,13
m_1932,541780,62,92,,,46.24,35.66,7
m_1932,541920,57,92,,,46.25,35.66,7
m_1932,542250,61,88,,,46.25,35.67,11
m_1932,542300,56,90,,,46.26,35.67,6
m_1932,542390,49,88,,,46.26,35.67,8
m_1932,542410,50,88,,,46.26,35.67,5
m_1932,542640,54,89,,,46.27,35.67,14
m_1932,542690,56,90,,,46.27,35.68,14
m_1932,542740,52,89,,,46.27,35.68,11
m_1932,542760,52,89,,,46.27,35.68,4
m_1932,542800,58,90,,,46.27,35.68,4
m_1932,542820,60,90,,,46.27,35.68,11
m_1932,542850,52,89,,,46.27,35.68,11
m_1932,542900,58,89,,,46.27,35.68,9
m_1932,542930,49,87,,,46.28,35.68,9
m_1932,542960,46,88,,,46.28,35.68,13
m_1932,543060,58,89,,,46.28,35.68,12
m_1932,543120,57,89,,,46.28,35.68,6
m_1932,543210,71,93,,,46.28,35.68,10
m_1932,543220,60,93,,,46.28,35.68,10
m_1932,543370,59,95,,,46.29,35.69,8
m_1932,543450,52,96,,,46.29,35.69,10
m_1932,543610,64,94,,,46.3,35.69,19
m_1932,543640,55,95,,,46.3,35.69,19
m_1932,543720,51,93,,,46.3,35.7,15
m_1932,543870,64,94,,,46.3,35.7,12
m_1932,543900,63,95,,,46.3,35.7,9
m_1932,543980,54,94,,,46.31,35.7,11
m_1932,544010,59,94,,,46.31,35.7,11
m_1932,544040,56,94,,,46.31,35.71,19
m_1932,544160,49,95,,,46.31,35.71,23
m_1932,544260,45,92,,,46.32,35.71,8
m_1932,544330,46,90,,,46.32,35.71,15
m_1932,544390,46,90,,,46.32,35.71,13
m_1932,544540,57,90,,,46.32,35.72,14
m_1932,544560,52,90,,,46.32,35.72,17
m_1932,544600,55,90,,,46.32,35.72,17
m_1932,544690,63,90,,,46.33,35.72,17
m_1932,544720,63,90,,,46.33,35.72,17
m_1932,544910,46,90,,,46.33,35.73,19
m_1932,545010,53,91,,,46.33,35.73,7
m_1932,545100,59,90,,,46.33,35.73,6
m_1932,545130,65,90,,,46.34,35.73,6
m_1932,545150,61,90,,,46.34,35.73,6
m_1932,545400,65,97,,,46.34,35.74,5
m_1932,545510,61,96,,,46.35,35.74,5
m_1932,545530,66,95,,,46.35,35.74,11
m_1932,545550,73,96,,,46.35,35.74,11
m_1932,545630,68,97,,,46.35,35.74,8
m_1932,545680,60,94,,,46.35,35.74,4
m_1932,545940,52,90,,,46.35,35.75,6
m_1932,546260,74,84,,,46.36,35.76,5
m_1932,546300,76,85,,,46.36,35.76,3
m_1932,546310,70,85,,,46.36,35.76,3
m_1932,546340,51,86,,,46.36,35.76,3
m_1932,546450,49,88,,,46.37,35.76,9
m_1932,546480,46,87,,,46.37,35.76,13
m_1932,546620,54,89,,,46.37,35.76,14
m_1932,546640,60,88,,,46.37,35.76,14
m_1932,546760,43,87,,,46.37,35.77,15
m_1932,546800,43,87,,,46.38,35.77,9
m_1932,546900,50,85,,,46.38,35.77,10
m_1932,546950,50,86,,,46.38,35.77,10
m_1932,546960,51,87,,,46.38,35.77,8
m_1932,547080,59,86,,,46.39,35.78,22
m_1932,547090,62,86,,,46.39,35.78,22
m_1932,547130,65,88,,,46.39,35.78,22
m_1932,547200,63,93,,,46.39,35.78,18
m_1932,547210,67,92,,,46.39,35.78,18
m_1932,547340,69,95,,,46.4,35.79,8
m_1932,547360,70,96,,,46.4,35.79,8
m_1932,547380,67,97,,,46.4,35.79,13
m_1932,547450,73,96,,,46.4,35.79,12
m_1932,547520,58,97,,,46.4,35.79,23
m_1932,547630,49,93,,,46.41,35.79,13
m_1932,547700,49,94,,,46.41,35.79,16
m_1932,547860,49,96,,,46.41,35.8,5
m_1932,547880,39,93,,,46.41,35.8,5
m_1932,547930,42,93,,,46.41,35.8,13
m_1932,547960,42,94,,,46.42,35.8,13
m_1932,547970,42,94,,,46.42,35.8,13
m_1932,548140,61,95,,,46.42,35.81,3
m_1932,548230,58,95,,,46.42,35.81,6
m_1932,548270,60,95,,,46.43,35.81,6
m_1932,548410,65,96,,,46.43,35.81,16
m_1932,548440,69,96,,,46.43,35.81,16
m_1932,548460,68,96,,,46.43,35.81,10
m_1932,548640,62,94,,,46.44,35.82,14
m_1932,548650,60,94,,,46.44,35.82,14
m_1932,548680,58,93,,,46.44,35.82,14
m_1932,548720,58,93,,,46.44,35.82,14
m_1932,548750,55,92,,,46.44,35.82,14
m_1932,548760,56,92,,,46.44,35.82,12
m_1932,548780,54,92,,,46.44,35.82,12
m_1932,548800,56,93,,,46.44,35.82,12
m_1932,548860,55,92,,,46.44,35.82,11
m_1932,548950,59,94,,,46.45,35.83,20
m_1932,548980,57,93,,,46.45,35.83,20
m_1932,549010,60,93,,,46.45,35.83,17
m_1932,549020,59,93,,,46.45,35.83,17
m_1932,549170,58,94,,,46.45,35.83,14
m_1932,549320,57,93,,,46.46,35.84,9
m_1932,549340,62,94,,,46.46,35.84,9
m_1932,549360,59,94,,,46.46,35.84,17
m_1932,549410,62,97,,,46.46,35.84,17
m_1932,549530,57,95,,,46.46,35.84,10
m_1932,549970,54,93,,,46.47,35.85,4
m_1932,550040,57,92,,,46.47,35.85,11
m_1932,550170,55,92,,,46.47,35.86,5
m_1932,550230,59,92,,,46.47,35.86,5
m_1932,550310,59,92,,,46.48,35.86,6
m_1932,550320,60,93,,,46.48,35.86,5
m_1932,550360,61,94,,,46.48,35.86,5
m_1932,550470,54,93,,,46.48,35.86,5
m_1932,550480,53,93,,,46.48,35.86,5
m_1932,550560,54,91,,,46.48,35.87,3
m_1932,550580,52,91,,,46.48,35.87,3
m_1932,551200,60,94,,,46.5,35.88,7
m_1932,551210,61,94,,,46.5,35.88,7
m_1932,551230,61,96,,,46.5,35.88,6
m_1932,551270,63,95,,,46.5,35.88,6
m_1932,551340,60,92,,,46.5,35.88,17
m_1932,551370,62,91,,,46.51,35.88,17
m_1932,551410,59,92,,,46.51,35.89,13
m_1932,551460,65,94,,,46.51,35.89,9
m_1932,551550,64,92,,,46.51,35.89,14
m_1932,551670,56,91,,,46.51,35.89,10
m_1932,551760,64,92,,,46.52,35.89,10
m_1932,551920,60,92,,,46.52,35.9,9
m_1932,552010,65,88,,,46.52,35.9,21
m_1932,552040,57,86,,,46.52,35.9,21
m_1932,552070,54,86,,,46.52,35.9,27
m_1932,552110,52,85,,,46.52,35.9,27
m_1932,552140,57,87,,,46.53,35.9,21
m_1932,552170,59,87,,,46.53,35.9,21
m_1932,552280,54,87,,,46.53,35.9,12
m_1932,552320,55,87,,,46.53,35.9,10
m_1932,552470,54,89,,,46.53,35.91,8
m_1932,552580,55,89,,,46.53,35.91,6
m_1932,552630,64,91,,,46.53,35.91,6
m_1932,552750,63,91,,,46.54,35.91,7
m_1932,552880,64,94,,,46.54,35.92,4
m_1932,552910,69,94,,,46.54,35.92,6
m_1932,553040,58,89,,,46.54,35.92,5
m_1932,553060,56,88,,,46.54,35.92,5
m_1932,553100,59,88,,,46.54,35.92,7
m_1932,553120,59,89,,,46.54,35.92,7
m_1932,553190,58,90,,,46.55,35.92,8
m_1932,553290,59,91,0.37,1,46.55,35.92,8
m_1932,553350,65,93,0.34,1,46.55,35.92,6
m_1932,553710,61,90,,,46.56,35.93,8
m_1932,553770,58,92,0.58,0,46.56,35.94,7
m_1932,553900,55,92,0.56,1,46.57,35.94,6
m_1932,554000,54,92,0.71,0,46.57,35.94,5
m_1932,554060,46,89,1.23,0,46.57,35.94,6
m_1932,554190,47,90,1.21,0,46.58,35.95,5
m_1932,554380,43,87,2.04,0,46.58,35.95,6
m_1932,554410,48,87,4.7,1,46.58,35.95,7
m_1932,554430,50,89,1.34,0,46.58,35.95,7
m_1932,554450,53,86,1.11,0,46.58,35.95,7
m_1932,554460,50,86,1.02,0,46.58,35.95,8
m_1932,554540,50,85,1.49,1,46.58,35.95,8
m_1932,554570,55,84,0.77,1,46.59,35.96,8
m_1932,554600,53,84,1.65,1,46.59,35.96,12
m_1932,554750,50,88,0.97,0,46.59,35.96,7
m_1932,554860,50,89,1.23,1,46.6,35.97,10
m_1932,554890,61,90,0.67,1,46.6,35.97,9
m_1932,554950,51,91,1.03,1,46.6,35.97,12
m_1932,554990,55,91,0.77,1,46.6,35.97,12
m_1932,555020,52,93,0.78,0,46.6,35.97,7
m_1932,555040,51,89,,,46.6,35.97,7
m_1932,555080,55,88,0.85,1,46.6,35.97,7
m_1932,555120,54,87,0.91,1,46.61,35.97,7
m_1932,555170,44,88,1.63,1,46.61,35.97,7
m_1932,555300,50,89,1.07,1,46.61,35.98,5
m_1932,555310,53,90,1.21,1,46.61,35.98,5
m_1932,555470,57,88,0.69,1,46.62,35.98,9
m_1932,555510,60,89,0.64,1,46.62,35.98,11
m_1932,555640,47,89,1.27,1,46.62,35.98,4
m_1932,555710,42,88,3.54,1,46.62,35.98,7
m_1932,555850,58,88,0.98,1,46.62,35.99,10
m_1932,555880,49,90,1.36,1,46.62,35.99,10
m_1932,556150,39,88,2.77,1,46.63,35.99,9
m_1932,556230,39,87,,,46.63,35.99,6
m_1932,556470,44,89,1.64,1,46.64,36,6
m_1932,556510,45,88,1.86,1,46.64,36,6
m_1932,556610,40,88,2.17,1,46.64,36,6
m_1932,556660,33,87,3.84,1,46.64,36,5
m_1932,556670,33,87,3.59,1,46.64,36,5
m_1932,556750,35,87,3.17,1,46.64,36,4
m_1932,556820,40,87,2.01,1,46.64,36,4
m_1932,556840,46,88,1.84,1,46.64,36,4
m_1932,556850,44,88,2,1,46.64,36,4
m_1932,556860,41,88,2.09,1,46.64,36,5
m_1932,556950,39,89,2.65,1,46.64,36.01,4
m_1932,557010,42,90,2.09,1,46.65,36.01,4
m_1932,557130,36,89,3.01,1,46.65,36.01,6
m_1932,557350,47,89,,,46.65,36.01,7
m_1932,557570,39,89,3.94,1,46.66,36.02,6
m_1932,557600,38,90,2.13,1,46.66,36.02,6
m_1932,557610,37,90,2.17,1,46.66,36.02,6
m_1932,557700,41,90,2.19,1,46.66,36.02,3
m_1932,557900,40,92,1.9,1,46.66,36.02,5
m_1932,558000,43,90,0.99,1,46.67,36.03,10
m_1932,558090,45,91,1.71,1,46.67,36.03,8
m_1932,558190,46,93,1.48,1,46.67,36.03,5
m_1932,558230,50,94,0.54,0,46.67,36.03,5
m_1932,558410,49,92,0.58,1,46.68,36.03,5
m_1932,558440,45,92,0.57,1,46.68,36.03,8
m_1932,558460,48,91,0.66,1,46.68,36.04,8
m_1932,558480,50,92,0.57,1,46.68,36.04,9
m_1932,558520,50,91,0.62,1,46.68,36.04,9
m_1932,558560,49,90,0.91,1,46.68,36.04,6
m_1932,558640,56,90,0.66,1,46.68,36.04,6
m_1932,558690,40,90,2.4,1,46.69,36.04,4
m_1932,558850,55,90,0.78,1,46.69,36.04,7
m_1932,558890,70,91,,,46.69,36.05,7
m_1932,558900,70,91,0.39,1,46.69,36.05,7
m_1932,558990,57,92,0.63,1,46.69,36.05,8
m_1932,559270,60,94,0.52,1,46.7,36.05,11
m_1932,559360,55,94,0.69,1,46.7,36.06,18
m_1932,559430,51,93,0.96,1,46.71,36.06,15
m_1932,559510,53,94,0.89,1,46.71,36.06,9
m_1932,559600,50,93,1.03,1,46.71,36.06,11
m_1932,559680,53,94,0.73,1,46.71,36.06,20
m_1932,559700,59,96,0.64,1,46.71,36.06,20
m_1932,559770,54,96,0.68,1,46.71,36.06,13
m_1932,559830,65,97,0.62,1,46.71,36.07,8
m_1932,560020,46,92,1.26,1,46.72,36.07,16
m_1932,560040,51,93,1.04,1,46.72,36.07,9
m_1932,560130,55,92,0.85,1,46.72,36.07,12
m_1932,560160,49,92,0.72,1,46.72,36.07,13
m_1932,560220,56,92,0.59,1,46.73,36.08,6
m_1932,560230,57,93,0.67,1,46.73,36.08,6
m_1932,560250,54,93,0.56,1,46.73,36.08,6
m_1932,560420,57,92,,,46.73,36.08,12
m_1932,560560,65,98,1.25,1,46.74,36.08,8
m_1932,560650,56,97,0.85,1,46.74,36.09,8
m_1932,560740,64,95,2.31,1,46.74,36.09,6
m_1932,560800,56,95,0.76,1,46.74,36.09,13
m_1932,561030,53,91,0.75,1,46.75,36.1,12
m_1932,561120,39,86,2.14,1,46.75,36.1,10
m_1932,561330,47,87,1.08,1,46.76,36.1,17
m_1932,561480,42,86,2.02,1,46.76,36.11,8
m_1932,561510,36,85,2.78,1,46.76,36.11,8
m_1932,561610,47,85,,,46.76,36.11,3
m_1932,561740,52,87,3.4,1,46.77,36.11,5
m_1932,561750,43,88,3.69,1,46.77,36.12,5
m_1932,561830,47,90,1.02,1,46.77,36.12,3
m_1932,562400,51,94,0.79,1,46.78,36.13,3
m_1932,562440,55,92,0.55,1,46.78,36.13,4
m_1932,562490,55,93,0.57,2,46.79,36.13,4
m_1932,562580,44,92,0.99,1,46.79,36.13,7
m_1932,562670,50,91,0.75,1,46.79,36.14,5
m_1932,562720,45,90,1.04,1,46.79,36.14,5
m_1932,562960,32,88,1.8,1,46.8,36.14,3
m_1932,562980,33,89,2.09,1,46.8,36.14,3
m_1932,562990,36,89,3.29,1,46.8,36.14,3
m_1932,563240,39,92,1.86,0,46.8,36.15,7
m_1932,563270,36,91,3.34,1,46.8,36.15,7
m_1932,563390,38,90,2.04,0,46.8,36.15,6
m_1932,563430,31,90,4.41,1,46.8,36.15,3
m_1932,563610,52,91,0.53,1,46.81,36.15,3
m_1932,563770,35,90,5.34,1,46.81,36.16,2
m_1932,563780,34,90,2.66,0,46.81,36.16,2
m_1932,563880,37,90,1.51,1,46.81,36.16,4
m_1932,563890,39,90,1.42,1,46.81,36.16,4
m_1932,563940,52,92,0.59,1,46.81,36.16,4
m_1932,564000,43,93,3.9,1,46.81,36.16,3
m_1932,564070,39,93,3.64,1,46.82,36.16,5
m_1932,564160,36,92,3.68,1,46.82,36.16,4
m_1932,564280,36,92,1.43,1,46.82,36.16,3
m_1932,564470,35,90,3.67,1,46.82,36.17,5
m_1932,564540,32,89,2.57,1,46.82,36.17,4
m_1932,564750,42,90,1.62,1,46.83,36.17,8
m_1932,564790,44,91,1.6,1,46.83,36.17,3
m_1932,564870,30,90,3.61,1,46.83,36.17,3
m_1932,565020,30,90,3.58,1,46.83,36.18,4
m_1932,565130,35,91,2.67,1,46.83,36.18,4
m_1932,565260,38,93,,,46.84,36.18,3
m_1932,565420,35,92,2.19,1,46.84,36.18,4
m_1932,565640,34,93,2.25,1,46.84,36.19,3
